is_hit,retrieved,expected,query
True,"['4f8ef329-e35d-4287-b4ac-1dbff461676e', '4c728539-cf1d-464a-8852-86edec592ce0', 'ced704ed-0cf9-4588-9c1b-200810a8fc83', '95182036-f5c5-4335-9574-e91ef4b4ff7e', '06de0e2a-45e4-4c62-bf6c-edb98792c115']",06de0e2a-45e4-4c62-bf6c-edb98792c115,f86741b9-beaa-4b04-929c-d12370685f39
True,"['14e815c3-0b17-427e-9bfd-0a6177800332', '5f4a9370-701a-4b50-8b13-e844d396906f', '4ca9eedc-e453-40f9-8989-837607b8540d', 'b19004e8-c590-436d-b512-5c7c1c8755ee', '4e4c99ef-650b-42b8-9343-d2582fba0e4b']",14e815c3-0b17-427e-9bfd-0a6177800332,a0bca474-4e4a-4b99-95e2-c1099cb56ccf
True,"['2bef7fc5-cee1-4808-bec7-7b50b2651b4e', '06de0e2a-45e4-4c62-bf6c-edb98792c115', 'ced704ed-0cf9-4588-9c1b-200810a8fc83', '20e054de-778e-42b0-93cc-716a23469143', '856bdf1d-b1dd-4cd1-b95f-3e0c32541757']",2bef7fc5-cee1-4808-bec7-7b50b2651b4e,81cdc2f6-b57e-469c-9446-418a97ecd3c2
True,"['4f8ef329-e35d-4287-b4ac-1dbff461676e', '856bdf1d-b1dd-4cd1-b95f-3e0c32541757', '4c728539-cf1d-464a-8852-86edec592ce0', '95182036-f5c5-4335-9574-e91ef4b4ff7e', 'ced704ed-0cf9-4588-9c1b-200810a8fc83']",ced704ed-0cf9-4588-9c1b-200810a8fc83,e1199c14-e0c7-4704-98ec-a693de8e3b34
True,"['b19004e8-c590-436d-b512-5c7c1c8755ee', 'df2afbab-7f58-4d2d-a8b0-1878ea887fb9', '35d21956-5554-4bbf-9e17-1a5e56f7bcec', 'bf208cdd-40eb-474a-b3fc-e19b3cf47f03', '1432040c-6bce-49ea-92ba-d1601e8a9157']",b19004e8-c590-436d-b512-5c7c1c8755ee,988a16e4-3c4d-4dfb-9c08-5d8409c1694c
True,"['160cb020-5b3a-4aa0-a500-a79cd24f852c', '9406c77b-98f9-4767-8927-87ed87f08895', '1d9d92f8-5443-4b10-8946-f12ac32ead30', '81f0970f-ecb2-4e17-b482-ec20f272a578', 'efcd231d-1d81-44d1-90c5-2b45058b3c2b']",9406c77b-98f9-4767-8927-87ed87f08895,45c32ff2-164b-4766-b919-63e8e0fc1792
True,"['14e815c3-0b17-427e-9bfd-0a6177800332', '1432040c-6bce-49ea-92ba-d1601e8a9157', '4e4c99ef-650b-42b8-9343-d2582fba0e4b', 'b19004e8-c590-436d-b512-5c7c1c8755ee', 'f2598270-612f-4dbe-a45f-448bb4621d05']",1432040c-6bce-49ea-92ba-d1601e8a9157,d4512b55-d3f8-43ce-9b95-df46b2a819c3
True,"['2011f212-65f2-416a-9b8e-609294270d70', '597d0bf2-73bd-4c5c-ac0b-2de8ef1f9f93', '46baa6b5-233f-4578-ad0f-0c686b24f8f2', 'd8b96a29-c442-4e96-84e1-d45ab65bdbc7', 'dd584ca7-a021-4aa3-a992-d841f51fd2ac']",2011f212-65f2-416a-9b8e-609294270d70,63bab84c-c2f1-4446-ab5f-fe1675af3849
True,"['4e4c99ef-650b-42b8-9343-d2582fba0e4b', 'f2598270-612f-4dbe-a45f-448bb4621d05', '5f4a9370-701a-4b50-8b13-e844d396906f', '4ca9eedc-e453-40f9-8989-837607b8540d', '7dc0e7cf-9ac8-4d5a-afb4-3b097fb32be5']",4e4c99ef-650b-42b8-9343-d2582fba0e4b,c03dc9d1-bf68-4abe-ae12-3c5dd4dab109
True,"['f2598270-612f-4dbe-a45f-448bb4621d05', '14e815c3-0b17-427e-9bfd-0a6177800332', '9b490e46-6640-4279-a4bb-8a465fbc6605', '7dc0e7cf-9ac8-4d5a-afb4-3b097fb32be5', '410c5ad5-9d73-46e4-aad4-a2fd5b1d1659']",f2598270-612f-4dbe-a45f-448bb4621d05,e1fe1fb9-facd-443b-bbbd-80e6902ff1bf
True,"['124a9c41-c27c-4fd3-854e-f9cda8d2e365', '5f4a9370-701a-4b50-8b13-e844d396906f', '82a9efda-74e3-4893-94d0-fbc3a9302d64', '23af0bf3-473e-4734-9062-502ba9080393', 'de34dfe2-c9cf-404d-bec5-019eba528bac']",124a9c41-c27c-4fd3-854e-f9cda8d2e365,bf165769-e1ce-4714-b559-0878391265a9
True,"['856bdf1d-b1dd-4cd1-b95f-3e0c32541757', 'ced704ed-0cf9-4588-9c1b-200810a8fc83', '4f8ef329-e35d-4287-b4ac-1dbff461676e', '95182036-f5c5-4335-9574-e91ef4b4ff7e', '3e23e544-b88f-4c39-a066-dbb3f554daaa']",856bdf1d-b1dd-4cd1-b95f-3e0c32541757,8c8d834d-29be-4047-bcbe-2580c7b891b7
True,"['dd584ca7-a021-4aa3-a992-d841f51fd2ac', 'f2598270-612f-4dbe-a45f-448bb4621d05', '410c5ad5-9d73-46e4-aad4-a2fd5b1d1659', '506a7540-a9b4-49ec-a3ee-de1782ddc97e', '7dc0e7cf-9ac8-4d5a-afb4-3b097fb32be5']",dd584ca7-a021-4aa3-a992-d841f51fd2ac,0f0201ad-ccd0-4956-a038-9e7d872fcfc7
True,"['06c06d2e-5831-45a3-abb9-96c0409295e3', '9b490e46-6640-4279-a4bb-8a465fbc6605', 'e1ca99ea-f07e-4cb7-a3f8-6c4f5d3a6fcb', 'b3dc606f-ec33-449a-a746-2e6d0d739a5f', '410c5ad5-9d73-46e4-aad4-a2fd5b1d1659']",06c06d2e-5831-45a3-abb9-96c0409295e3,12845798-55dc-42f5-8629-a026bab48f68
True,"['410c5ad5-9d73-46e4-aad4-a2fd5b1d1659', '5f4a9370-701a-4b50-8b13-e844d396906f', '506a7540-a9b4-49ec-a3ee-de1782ddc97e', '9b490e46-6640-4279-a4bb-8a465fbc6605', '4ca9eedc-e453-40f9-8989-837607b8540d']",410c5ad5-9d73-46e4-aad4-a2fd5b1d1659,1666a303-e47d-42c3-a408-523f89bb71e4
True,"['5f4a9370-701a-4b50-8b13-e844d396906f', '124a9c41-c27c-4fd3-854e-f9cda8d2e365', '82a9efda-74e3-4893-94d0-fbc3a9302d64', '856bdf1d-b1dd-4cd1-b95f-3e0c32541757', '4ca9eedc-e453-40f9-8989-837607b8540d']",5f4a9370-701a-4b50-8b13-e844d396906f,70614b80-e208-4366-8281-12e0cb9f5e5c
True,"['e1ca99ea-f07e-4cb7-a3f8-6c4f5d3a6fcb', '856bdf1d-b1dd-4cd1-b95f-3e0c32541757', '4f8ef329-e35d-4287-b4ac-1dbff461676e', '37b54caf-4f10-4594-8448-c06355e27170', 'ced704ed-0cf9-4588-9c1b-200810a8fc83']",e1ca99ea-f07e-4cb7-a3f8-6c4f5d3a6fcb,7d7211db-070f-49b2-947a-d2300471fd31
True,"['dd584ca7-a021-4aa3-a992-d841f51fd2ac', 'c11495cc-d1f2-4179-a9a4-32e029132427', 'caa65ff1-0be7-471b-8438-c454fb233d56', '885bb64d-b05c-4318-84e8-5c7e34e82c3d', '506a7540-a9b4-49ec-a3ee-de1782ddc97e']",506a7540-a9b4-49ec-a3ee-de1782ddc97e,58dc307b-f28b-4d7f-a631-2640c6ffe97c
True,"['9b490e46-6640-4279-a4bb-8a465fbc6605', '4ca9eedc-e453-40f9-8989-837607b8540d', 'b3dc606f-ec33-449a-a746-2e6d0d739a5f', '506a7540-a9b4-49ec-a3ee-de1782ddc97e', '5f4a9370-701a-4b50-8b13-e844d396906f']",9b490e46-6640-4279-a4bb-8a465fbc6605,5b619c56-1c75-4138-bcd7-1275663df868
True,"['05e08951-5de4-4c82-a17b-df1b534aa8a1', 'b3dc606f-ec33-449a-a746-2e6d0d739a5f', '506a7540-a9b4-49ec-a3ee-de1782ddc97e', '410c5ad5-9d73-46e4-aad4-a2fd5b1d1659', '9b490e46-6640-4279-a4bb-8a465fbc6605']",05e08951-5de4-4c82-a17b-df1b534aa8a1,832717fc-5e88-4e1b-a257-eb82ddf86d7a
True,"['7dc0e7cf-9ac8-4d5a-afb4-3b097fb32be5', 'f2598270-612f-4dbe-a45f-448bb4621d05', '06f1d586-8ba7-453f-af74-b1c740401b96', '13ebf668-f4a1-4196-8a91-af9ba7985361', '90b8a9ea-c735-4d17-8d0a-b1567e81f1ae']",7dc0e7cf-9ac8-4d5a-afb4-3b097fb32be5,1b99d7c3-74a3-45fe-a9c8-e64b6d3aa978
True,"['b3dc606f-ec33-449a-a746-2e6d0d739a5f', '05e08951-5de4-4c82-a17b-df1b534aa8a1', '410c5ad5-9d73-46e4-aad4-a2fd5b1d1659', '4ca9eedc-e453-40f9-8989-837607b8540d', '506a7540-a9b4-49ec-a3ee-de1782ddc97e']",b3dc606f-ec33-449a-a746-2e6d0d739a5f,fbadf5ad-b190-4033-b0b5-b1507674a055
False,"['5f4a9370-701a-4b50-8b13-e844d396906f', 'a27bcf1a-0416-4ae9-a9a1-a94d5b13d696', '17d414c6-f5a9-4dd8-b24a-8d391cfab98d', 'd3a1fd55-e413-4de8-8a15-45c2e1139d6c', '06de0e2a-45e4-4c62-bf6c-edb98792c115']",4ca9eedc-e453-40f9-8989-837607b8540d,f2eedf48-4924-4d2a-bd85-e51c3873dd34
True,"['2bef7fc5-cee1-4808-bec7-7b50b2651b4e', 'c7dcd565-0940-48bc-b342-a9bae14cf375', 'db98812f-58f9-4b67-bcd5-c60136c79131', 'c099c67a-9e3a-4e7f-a6bd-9b0c6a11b823', 'd873ed40-b69d-43f7-ab1a-aa612bc59ca5']",c7dcd565-0940-48bc-b342-a9bae14cf375,4d26ace4-1783-446d-b12b-4e0ffc52f386
True,"['cd3fe651-99c1-46b7-9616-f87b4019e6ec', '43055814-2c1d-4838-950d-7efceb6bbeb5', '3089ec9a-0d3f-41e0-8e28-fcccc82fa2c0', 'fff3d142-386f-40d5-875d-d0521282c025', '2cfce2a1-44df-414d-92be-873cdc3bc10b']",cd3fe651-99c1-46b7-9616-f87b4019e6ec,257a4c49-a69b-40d0-a3b2-7f59d74aaa2d
False,"['160cb020-5b3a-4aa0-a500-a79cd24f852c', '2cfce2a1-44df-414d-92be-873cdc3bc10b', '4c728539-cf1d-464a-8852-86edec592ce0', '3089ec9a-0d3f-41e0-8e28-fcccc82fa2c0', '43055814-2c1d-4838-950d-7efceb6bbeb5']",978f2a3c-5b66-4c08-bf6c-45ae78256c6a,8e9f8854-1862-4c5f-9440-e6cf9472c561
False,"['04c4c3e5-ef70-4687-909a-4a04ef6674ef', '09f14d38-734a-4b89-9e75-412ff8052906', '5d541397-0033-486d-958d-3a9583efa9e4', '53c0d0d5-c19a-4e0c-93f6-e540e53cac42', '028bc50f-97ea-49e6-9cd0-7e03295cc40c']",ca93065d-d90f-42c6-bcb3-eca8e6fb5534,33ff4d8c-3b90-4da3-9453-4bcda4dcd4d5
True,"['a39f8c25-a265-4423-8142-103e1eb4a993', 'f82f4e2b-1a55-49d8-934a-329ecba43c48', 'b0ea0638-c2b6-449d-9bd4-af65d0e2d1a2', '10575c53-c4e9-4c5c-b4b4-fc6152e9d956', 'a2321188-eead-4fb9-9378-d541af7acb26']",f82f4e2b-1a55-49d8-934a-329ecba43c48,3dc28271-b604-4f79-9701-9c904ef9157e
True,"['5d40fb64-e13f-48c2-81c8-6f4ae7d27f71', '599ab531-a53e-4d41-b210-1f7be354b9f9', '488a4436-3288-4e52-9179-fa4f1aa311aa', '75042b50-fa58-43a6-baa9-422dcfd7ea93', '46baa6b5-233f-4578-ad0f-0c686b24f8f2']",5d40fb64-e13f-48c2-81c8-6f4ae7d27f71,7335c539-c82b-4bcf-8557-0e2d00e67af8
False,"['424ae309-877b-4a31-8c24-284b9b9d3623', '50332787-9209-40a4-9cb4-6e6437d0ab08', '95357c66-9c21-4d2c-b2f2-73213f4a4c53', 'fff3d142-386f-40d5-875d-d0521282c025', '80ec6d30-13cd-4b51-b306-32a083295359']",2d4c9ed8-93d2-4db6-9a45-298d75839297,a0fe1dbb-b9b2-4cd5-83e1-3f4b10362501
True,"['c3235681-4646-47c2-bd67-dad6c1e51517', '10575c53-c4e9-4c5c-b4b4-fc6152e9d956', 'ccd20fa2-749f-4315-aa9d-500605c634e2', 'b6747707-5fe6-477e-abc6-749bbf18ca38', 'df2afbab-7f58-4d2d-a8b0-1878ea887fb9']",10575c53-c4e9-4c5c-b4b4-fc6152e9d956,3237206c-09a3-4510-b4ea-6dc3fcee910c
False,"['b17f0ffd-260b-497c-91bf-5eb26d7e44c8', '24e6ec1b-8cfa-46bb-b56a-7e16fef809f3', '90372454-78e4-42c9-9911-13c31c814101', 'b0e3e4e2-52e3-4fcf-90fd-3bd104c8e68a', 'fcd02375-dd97-4f4a-bceb-9f5b1caf8c9f']",00518ddb-2807-4915-9476-26ef5140ea82,252f75c5-06a0-46fb-b7ae-c437fe7adb62
False,"['c17764ae-de6e-4708-9504-42dacba610fd', '160cb020-5b3a-4aa0-a500-a79cd24f852c', '23af0bf3-473e-4734-9062-502ba9080393', 'f71c5f78-546b-4db9-ba08-f18ea161d9cd', '424ae309-877b-4a31-8c24-284b9b9d3623']",f8991446-67e2-4e0c-b2a6-d9942cecd6b2,5e61c96b-0621-4adf-a26b-c61050fa1aff
False,"['3e23e544-b88f-4c39-a066-dbb3f554daaa', '4c728539-cf1d-464a-8852-86edec592ce0', 'caa65ff1-0be7-471b-8438-c454fb233d56', '856bdf1d-b1dd-4cd1-b95f-3e0c32541757', '4f8ef329-e35d-4287-b4ac-1dbff461676e']",839c003c-16ad-43a2-a179-cb2894df288d,0b6e03b5-0d97-4796-b99c-1e0e5a9ebbde
True,"['ef9a1886-3f9b-4b9c-ae65-24526c1a275b', '09f14d38-734a-4b89-9e75-412ff8052906', '53c0d0d5-c19a-4e0c-93f6-e540e53cac42', 'e4782eb5-475b-4fec-9eab-9b7dfbbb2a5a', '04c4c3e5-ef70-4687-909a-4a04ef6674ef']",ef9a1886-3f9b-4b9c-ae65-24526c1a275b,b7242b23-93e1-4307-a0eb-22e09c8702ff
True,"['c33affa4-3386-4629-8b6c-65b6a3da6681', '1d9d92f8-5443-4b10-8946-f12ac32ead30', '2007718f-9c82-42c5-91cd-5b3f352ccd3b', '856bdf1d-b1dd-4cd1-b95f-3e0c32541757', 'c7dcd565-0940-48bc-b342-a9bae14cf375']",c33affa4-3386-4629-8b6c-65b6a3da6681,a7360f9b-c01e-4c93-834c-29b836bdfedf
True,"['08a36ccf-61df-4761-b0bc-abbdc9986a4c', '42ec4514-8f0b-4dcf-9b88-3c856e559a5f', '72ac2a76-6edc-4363-a1f0-2e37b755fa6e', 'e4782eb5-475b-4fec-9eab-9b7dfbbb2a5a', '79b8e9fb-9150-4c03-808a-cb36cbcfd9ae']",08a36ccf-61df-4761-b0bc-abbdc9986a4c,c7839aab-285a-4899-a804-b55e3c4ec32e
True,"['e02cdcc7-dc0d-410b-861d-a6ddc5d4f7e7', '7fe9908d-f82c-42ef-994f-91e3765be733', '7ed1fb6a-0aa4-4362-9e47-3c87444cc296', 'a989c01f-e419-4bda-847c-11901f50f19d', '1d3ede7f-b953-44e5-815c-24e798ee1f05']",e02cdcc7-dc0d-410b-861d-a6ddc5d4f7e7,93843f00-a2a3-44cd-a586-ce7f2aaec225
True,"['42ec4514-8f0b-4dcf-9b88-3c856e559a5f', '08a36ccf-61df-4761-b0bc-abbdc9986a4c', 'c22b6b7b-6b4e-4048-a9c6-7f9bdd3d04c1', '72ac2a76-6edc-4363-a1f0-2e37b755fa6e', 'e02cdcc7-dc0d-410b-861d-a6ddc5d4f7e7']",42ec4514-8f0b-4dcf-9b88-3c856e559a5f,2ec13a47-dca7-4085-b25b-3f65aac7d05b
True,"['bee12dfc-922c-4a6d-b13a-7177c4360aed', 'e53ae75f-929c-4d48-8747-60a8fdc1aa41', '1667abde-6bb7-42ed-97b6-5a7d5fe49198', 'e2e8f92b-8ca8-4fe8-932c-be206f32ca1d', '72ac2a76-6edc-4363-a1f0-2e37b755fa6e']",bee12dfc-922c-4a6d-b13a-7177c4360aed,5c2e1f8e-72fe-4004-afdb-e449a9e84ced
True,"['07cf0010-b860-4db6-933c-74eacd8644fc', 'd8b96a29-c442-4e96-84e1-d45ab65bdbc7', 'df2afbab-7f58-4d2d-a8b0-1878ea887fb9', '4d9c5ea9-91b7-4cd9-97c4-9e824a9a4515', 'de34dfe2-c9cf-404d-bec5-019eba528bac']",07cf0010-b860-4db6-933c-74eacd8644fc,20f4e896-9e29-493d-a282-27b08e7ff39c
True,"['08a36ccf-61df-4761-b0bc-abbdc9986a4c', '583d0309-df46-4078-bf7f-a7f692969f6b', '72ac2a76-6edc-4363-a1f0-2e37b755fa6e', 'ef9a1886-3f9b-4b9c-ae65-24526c1a275b', 'c0555b21-daa8-4db1-94b3-74c6ca185312']",583d0309-df46-4078-bf7f-a7f692969f6b,15a51382-1a77-4aae-bf95-ee0ee78fdd4d
False,"['5d541397-0033-486d-958d-3a9583efa9e4', '839c003c-16ad-43a2-a179-cb2894df288d', '09f14d38-734a-4b89-9e75-412ff8052906', '65f3cede-7a17-47dd-858e-fc4a0b4e330d', 'ca93065d-d90f-42c6-bcb3-eca8e6fb5534']",ed070384-b672-4c56-96bf-cb0891cf6114,734d8582-7165-433d-80d2-89056f3f7356
False,"['7ed1fb6a-0aa4-4362-9e47-3c87444cc296', '7fe9908d-f82c-42ef-994f-91e3765be733', '07cf0010-b860-4db6-933c-74eacd8644fc', '1d3ede7f-b953-44e5-815c-24e798ee1f05', 'f09b68ae-f25e-49eb-80c7-ae1cd5bc6281']",bd72b907-bb8c-48da-96f6-427544f2638a,cf332343-64c9-469a-be10-f8b572e7bf60
True,"['8fba4d61-65a1-41a3-bbd2-5a1904c0c0b8', '10e787e3-67c7-41ef-93ee-32608ed76c2f', '1a832a32-eac7-4151-85a2-91f198e96582', '75042b50-fa58-43a6-baa9-422dcfd7ea93', 'fcd02375-dd97-4f4a-bceb-9f5b1caf8c9f']",8fba4d61-65a1-41a3-bbd2-5a1904c0c0b8,84118496-1880-40fe-975d-960239f182c0
False,"['424ae309-877b-4a31-8c24-284b9b9d3623', '43055814-2c1d-4838-950d-7efceb6bbeb5', '3089ec9a-0d3f-41e0-8e28-fcccc82fa2c0', 'c17764ae-de6e-4708-9504-42dacba610fd', '2cfce2a1-44df-414d-92be-873cdc3bc10b']",50332787-9209-40a4-9cb4-6e6437d0ab08,9dc2456b-3ec6-4b08-8427-960632582921
True,"['10e787e3-67c7-41ef-93ee-32608ed76c2f', '3b65b34a-d1f5-45d1-bf6d-f1b722ddc769', '59a536b6-8cae-422e-9361-d5091eae006a', '4c728539-cf1d-464a-8852-86edec592ce0', '23af0bf3-473e-4734-9062-502ba9080393']",10e787e3-67c7-41ef-93ee-32608ed76c2f,2f0f2fdd-cec3-4199-b597-a352f54a7226
True,"['2760d89b-c8a5-4c53-a5ba-af8c85273581', 'f82f4e2b-1a55-49d8-934a-329ecba43c48', 'a0281042-ecb6-4a56-aa77-eb55d61adef9', 'a39f8c25-a265-4423-8142-103e1eb4a993', '078ac5d2-6800-4c9b-a2b1-1c2efea2b171']",2760d89b-c8a5-4c53-a5ba-af8c85273581,adb0ee5f-41ff-4b60-987f-9eb05b80711d
True,"['e90ad56a-8ab0-4894-add1-df1d34f4353c', '3ec93c3c-13e8-4dec-92d6-9450712e2e8a', 'caa65ff1-0be7-471b-8438-c454fb233d56', 'cd3fe651-99c1-46b7-9616-f87b4019e6ec', 'e2e8f92b-8ca8-4fe8-932c-be206f32ca1d']",e90ad56a-8ab0-4894-add1-df1d34f4353c,8cd4b7a1-d06e-487b-82b7-6a01fb650239
True,"['424ae309-877b-4a31-8c24-284b9b9d3623', '50332787-9209-40a4-9cb4-6e6437d0ab08', '95357c66-9c21-4d2c-b2f2-73213f4a4c53', 'fff3d142-386f-40d5-875d-d0521282c025', '80ec6d30-13cd-4b51-b306-32a083295359']",fff3d142-386f-40d5-875d-d0521282c025,b914f50b-fe6e-4096-8d59-1c638aebef4a
True,"['ee7a6d4e-ac5c-4c2d-bf58-af5ea8f6f1da', 'f82f4e2b-1a55-49d8-934a-329ecba43c48', '5d40fb64-e13f-48c2-81c8-6f4ae7d27f71', '10575c53-c4e9-4c5c-b4b4-fc6152e9d956', '2760d89b-c8a5-4c53-a5ba-af8c85273581']",ee7a6d4e-ac5c-4c2d-bf58-af5ea8f6f1da,cda137c8-a5c3-4f7e-9ecb-04d6ef66ee08
True,"['424ae309-877b-4a31-8c24-284b9b9d3623', '34efa1ed-100b-4721-84ba-eeb0a4478f99', 'c33affa4-3386-4629-8b6c-65b6a3da6681', 'c11495cc-d1f2-4179-a9a4-32e029132427', '6b7894e1-9a44-4f93-a7db-e92a3a434582']",424ae309-877b-4a31-8c24-284b9b9d3623,c2314f14-e748-412a-9362-10117b2acc56
True,"['c099c67a-9e3a-4e7f-a6bd-9b0c6a11b823', '08a36ccf-61df-4761-b0bc-abbdc9986a4c', 'c0555b21-daa8-4db1-94b3-74c6ca185312', '8c43a354-3185-40aa-b942-32b0f85cfca6', 'fc8cdcad-58c0-4aea-92a3-4c00b774f073']",8c43a354-3185-40aa-b942-32b0f85cfca6,b9b66344-6447-4023-8d9f-b4a68ca4ba4e
True,"['de34dfe2-c9cf-404d-bec5-019eba528bac', 'a85a8844-6361-485e-97f7-3a9e86f70d4b', 'ee7a6d4e-ac5c-4c2d-bf58-af5ea8f6f1da', '8b7b7ee0-40ae-472d-946e-6ba23cb5980a', '59a536b6-8cae-422e-9361-d5091eae006a']",de34dfe2-c9cf-404d-bec5-019eba528bac,998e4c2f-3b41-4d76-a7bd-d4826a7e100e
True,"['53c0d0d5-c19a-4e0c-93f6-e540e53cac42', '04c4c3e5-ef70-4687-909a-4a04ef6674ef', 'd545e9f3-2efc-4c18-926d-37f483c8467d', '09f14d38-734a-4b89-9e75-412ff8052906', '65f3cede-7a17-47dd-858e-fc4a0b4e330d']",53c0d0d5-c19a-4e0c-93f6-e540e53cac42,ac2a904b-623c-4259-ad81-d3d359903223
True,"['04c4c3e5-ef70-4687-909a-4a04ef6674ef', 'd545e9f3-2efc-4c18-926d-37f483c8467d', '53c0d0d5-c19a-4e0c-93f6-e540e53cac42', '10e787e3-67c7-41ef-93ee-32608ed76c2f', '09f14d38-734a-4b89-9e75-412ff8052906']",04c4c3e5-ef70-4687-909a-4a04ef6674ef,f5bdead5-3480-4834-bed8-02f188e9863b
False,"['b8d32983-dd3d-42af-99f5-559ee9d64312', '88145294-cb78-4e6f-a320-8f94ac2b8389', 'f82f4e2b-1a55-49d8-934a-329ecba43c48', '35d21956-5554-4bbf-9e17-1a5e56f7bcec', '6c7995ca-58a3-4296-accd-e0ef8d9f85fb']",bfbfb58d-7919-4e41-931a-f280384303af,8550a928-c2b0-4f35-abb1-8e9334c817e7
True,"['72274499-fc22-47a2-83e9-689524988cf4', 'ee7a6d4e-ac5c-4c2d-bf58-af5ea8f6f1da', 'caa65ff1-0be7-471b-8438-c454fb233d56', '8c43a354-3185-40aa-b942-32b0f85cfca6', '00e7c88e-d146-410e-b944-66647afef3e1']",72274499-fc22-47a2-83e9-689524988cf4,b08c001a-d24a-4534-bdc0-f98d2edd5a1d
True,"['d545e9f3-2efc-4c18-926d-37f483c8467d', '53c0d0d5-c19a-4e0c-93f6-e540e53cac42', '541df886-ff91-4188-a49b-93720f5d123e', 'a85a8844-6361-485e-97f7-3a9e86f70d4b', 'c0555b21-daa8-4db1-94b3-74c6ca185312']",d545e9f3-2efc-4c18-926d-37f483c8467d,4174798b-5830-4797-8597-abfba8b45774
True,"['3e629976-b15d-4ef5-8fb2-aca622ef08a6', 'a2321188-eead-4fb9-9378-d541af7acb26', '0285b881-b128-47cd-9b80-ce156797d138', '5000b03c-6922-4ed4-a29b-432a4dd70976', '248f4ed5-0fdc-4900-8447-88b2613518d8']",3e629976-b15d-4ef5-8fb2-aca622ef08a6,45868ab2-583c-4773-bfb2-c7fba8b4a5b0
True,"['90372454-78e4-42c9-9911-13c31c814101', '24e6ec1b-8cfa-46bb-b56a-7e16fef809f3', 'b0e3e4e2-52e3-4fcf-90fd-3bd104c8e68a', 'fcd02375-dd97-4f4a-bceb-9f5b1caf8c9f', '1ea1b8e9-1e96-4595-8026-6202d70bf1cb']",90372454-78e4-42c9-9911-13c31c814101,0c6388f1-b94b-40f7-bbeb-bd6cc5412e88
True,"['ccbad255-6847-4f73-a3a2-fda62b40fcc5', 'e2e8f92b-8ca8-4fe8-932c-be206f32ca1d', 'bfbfb58d-7919-4e41-931a-f280384303af', '53c0d0d5-c19a-4e0c-93f6-e540e53cac42', '04c4c3e5-ef70-4687-909a-4a04ef6674ef']",ccbad255-6847-4f73-a3a2-fda62b40fcc5,b6b232ce-31e9-42a9-8684-eb9fea3cf5ea
True,"['62c3ab97-6d5c-483d-810d-0754a4190780', '53c0d0d5-c19a-4e0c-93f6-e540e53cac42', '09f14d38-734a-4b89-9e75-412ff8052906', '04c4c3e5-ef70-4687-909a-4a04ef6674ef', '44098035-7f30-4823-ae11-a455244930fe']",62c3ab97-6d5c-483d-810d-0754a4190780,48f46c88-7444-4bed-866f-7c1cd5fbb124
False,"['160cb020-5b3a-4aa0-a500-a79cd24f852c', '424ae309-877b-4a31-8c24-284b9b9d3623', 'c17764ae-de6e-4708-9504-42dacba610fd', 'f71c5f78-546b-4db9-ba08-f18ea161d9cd', '23af0bf3-473e-4734-9062-502ba9080393']",4e253d1e-35cb-4900-8585-87bd65919a6e,ffd658ba-769d-4ff5-a1e9-5d42a8b2de7d
True,"['6c7995ca-58a3-4296-accd-e0ef8d9f85fb', '85c923c0-5835-456e-a4c7-9a3822eff4dd', 'e4782eb5-475b-4fec-9eab-9b7dfbbb2a5a', 'b8d32983-dd3d-42af-99f5-559ee9d64312', '2e276f14-18c5-4350-a6c6-0b123e4f06e2']",6c7995ca-58a3-4296-accd-e0ef8d9f85fb,fcdc747c-0383-4b8f-a672-53a1acdf0c16
True,"['95a0ebd6-8d50-48ef-882f-0148c83a7c72', 'a39f8c25-a265-4423-8142-103e1eb4a993', '2771969e-e7c4-4f41-aed7-9b95c968edbd', 'df2afbab-7f58-4d2d-a8b0-1878ea887fb9', 'b8d32983-dd3d-42af-99f5-559ee9d64312']",95a0ebd6-8d50-48ef-882f-0148c83a7c72,dfafd441-e535-443b-91f4-cfd2ec457a59
True,"['66ae7d1a-60cd-4daa-9dd3-95118c669d28', '0285b881-b128-47cd-9b80-ce156797d138', '5000b03c-6922-4ed4-a29b-432a4dd70976', '72274499-fc22-47a2-83e9-689524988cf4', 'a452a9c6-19fd-464a-8497-51df9aa455cb']",66ae7d1a-60cd-4daa-9dd3-95118c669d28,0a2cb1a6-7818-40f9-81dd-5e2b96cd2c61
True,"['c4432419-556f-41be-ac88-1ad2b1f45203', '839c003c-16ad-43a2-a179-cb2894df288d', 'c33affa4-3386-4629-8b6c-65b6a3da6681', 'ccbad255-6847-4f73-a3a2-fda62b40fcc5', 'ef9a1886-3f9b-4b9c-ae65-24526c1a275b']",c4432419-556f-41be-ac88-1ad2b1f45203,3c1e3b70-92d1-4cb9-abcd-5bc5f6922a06
True,"['a2321188-eead-4fb9-9378-d541af7acb26', '94c93adb-2204-406e-80f6-8657254852f9', 'ba57f2b3-15dd-49ac-925a-bc90dc4935b9', '86709dae-5fbe-43b7-9b45-d2bc648d1227', 'f82f4e2b-1a55-49d8-934a-329ecba43c48']",a2321188-eead-4fb9-9378-d541af7acb26,5835b1bc-fc61-49df-ba2b-fb1a850e836e
True,"['bf208cdd-40eb-474a-b3fc-e19b3cf47f03', '8b7d5992-93a4-4e2e-a4e0-8ce03cb0d900', '81f0970f-ecb2-4e17-b482-ec20f272a578', '95a0ebd6-8d50-48ef-882f-0148c83a7c72', '35d21956-5554-4bbf-9e17-1a5e56f7bcec']",bf208cdd-40eb-474a-b3fc-e19b3cf47f03,d69ecd8d-ab17-4e29-92f5-74abc79b9025
False,"['c17764ae-de6e-4708-9504-42dacba610fd', '160cb020-5b3a-4aa0-a500-a79cd24f852c', '23af0bf3-473e-4734-9062-502ba9080393', 'f71c5f78-546b-4db9-ba08-f18ea161d9cd', '424ae309-877b-4a31-8c24-284b9b9d3623']",bb32f223-973e-47a1-9990-c1969a90f06c,24e92369-de67-4f2e-aa75-f078b38904df
True,"['bf208cdd-40eb-474a-b3fc-e19b3cf47f03', '2771969e-e7c4-4f41-aed7-9b95c968edbd', '95a0ebd6-8d50-48ef-882f-0148c83a7c72', '10e787e3-67c7-41ef-93ee-32608ed76c2f', 'b6747707-5fe6-477e-abc6-749bbf18ca38']",2771969e-e7c4-4f41-aed7-9b95c968edbd,d0df0b54-dceb-40d4-8978-168072b490bd
False,"['5d541397-0033-486d-958d-3a9583efa9e4', '10e787e3-67c7-41ef-93ee-32608ed76c2f', '23af0bf3-473e-4734-9062-502ba9080393', '0ec57093-d742-4586-8ef0-a8beae217610', 'd545e9f3-2efc-4c18-926d-37f483c8467d']",3ec93c3c-13e8-4dec-92d6-9450712e2e8a,d66cfd94-762b-4c61-a3ad-3877d0dc11c3
True,"['7ed1fb6a-0aa4-4362-9e47-3c87444cc296', '22141e18-b17c-4b87-aae0-542780c10d13', '7fe9908d-f82c-42ef-994f-91e3765be733', '7a8c46da-add9-4f79-b027-53b8b0f0450b', '1d3ede7f-b953-44e5-815c-24e798ee1f05']",7a8c46da-add9-4f79-b027-53b8b0f0450b,51dcfaec-85b6-4a8c-9cca-afaec2890655
True,"['ba57f2b3-15dd-49ac-925a-bc90dc4935b9', '09f14d38-734a-4b89-9e75-412ff8052906', '8f4d7a25-c205-4b4a-a288-fdfa1ea0f63e', '04c4c3e5-ef70-4687-909a-4a04ef6674ef', '5d541397-0033-486d-958d-3a9583efa9e4']",ba57f2b3-15dd-49ac-925a-bc90dc4935b9,8db9d21d-86c4-41d1-83c9-9887590b2d7d
False,"['50332787-9209-40a4-9cb4-6e6437d0ab08', 'fff3d142-386f-40d5-875d-d0521282c025', '95357c66-9c21-4d2c-b2f2-73213f4a4c53', '80ec6d30-13cd-4b51-b306-32a083295359', 'e8a547c7-4e2e-4035-b17c-12cd128042f8']",4c0d235c-2178-408f-ae6d-50430cbb36d4,823a1e7c-a00b-4f52-b6e8-21473f98fdf4
True,"['8f4d7a25-c205-4b4a-a288-fdfa1ea0f63e', 'ba57f2b3-15dd-49ac-925a-bc90dc4935b9', '00e7c88e-d146-410e-b944-66647afef3e1', '04c4c3e5-ef70-4687-909a-4a04ef6674ef', '028bc50f-97ea-49e6-9cd0-7e03295cc40c']",8f4d7a25-c205-4b4a-a288-fdfa1ea0f63e,06363c8f-b21c-4a28-9953-f19fae513775
True,"['30fb47d0-c1e5-4424-a02c-65228ac09b0a', '09f14d38-734a-4b89-9e75-412ff8052906', 'e83c484c-4777-44ec-bbbb-5a2eebc974fa', 'c7dcd565-0940-48bc-b342-a9bae14cf375', 'dcc96984-52d5-4e66-bfd7-0cf88c582b01']",30fb47d0-c1e5-4424-a02c-65228ac09b0a,1edf7607-24e7-4610-be2c-295992a508a8
True,"['09f14d38-734a-4b89-9e75-412ff8052906', '04c4c3e5-ef70-4687-909a-4a04ef6674ef', '839c003c-16ad-43a2-a179-cb2894df288d', '53c0d0d5-c19a-4e0c-93f6-e540e53cac42', '028bc50f-97ea-49e6-9cd0-7e03295cc40c']",09f14d38-734a-4b89-9e75-412ff8052906,0db163c4-e5ea-457d-9bf0-904f3bc635a0
True,"['e83c484c-4777-44ec-bbbb-5a2eebc974fa', '30fb47d0-c1e5-4424-a02c-65228ac09b0a', 'af897561-467e-4337-91c2-7613204d1554', '217b2831-c1c7-452d-b8ba-fcd6239a7ec7', '94c93adb-2204-406e-80f6-8657254852f9']",e83c484c-4777-44ec-bbbb-5a2eebc974fa,ea87a600-1120-4601-8d7d-9de34f321291
False,"['160cb020-5b3a-4aa0-a500-a79cd24f852c', '424ae309-877b-4a31-8c24-284b9b9d3623', 'c17764ae-de6e-4708-9504-42dacba610fd', 'f71c5f78-546b-4db9-ba08-f18ea161d9cd', '23af0bf3-473e-4734-9062-502ba9080393']",39cf3b5d-ec83-4001-91a1-fe5cb5d05375,4c4a0d9d-8ea7-4a5d-b7bb-d112cbefb527
True,"['5413c064-f105-404d-bcae-d28cb4723223', 'a39f8c25-a265-4423-8142-103e1eb4a993', '488a4436-3288-4e52-9179-fa4f1aa311aa', '62c3ab97-6d5c-483d-810d-0754a4190780', '8fba4d61-65a1-41a3-bbd2-5a1904c0c0b8']",5413c064-f105-404d-bcae-d28cb4723223,2af30151-b55a-4158-ab46-7e24ab7eed2e
True,"['50332787-9209-40a4-9cb4-6e6437d0ab08', '95357c66-9c21-4d2c-b2f2-73213f4a4c53', 'e8a547c7-4e2e-4035-b17c-12cd128042f8', 'fff3d142-386f-40d5-875d-d0521282c025', '80ec6d30-13cd-4b51-b306-32a083295359']",80ec6d30-13cd-4b51-b306-32a083295359,cabf2b68-58fa-46dc-a13e-946a1fee4fb8
True,"['a39f8c25-a265-4423-8142-103e1eb4a993', '95a0ebd6-8d50-48ef-882f-0148c83a7c72', '95d7d800-bd88-409f-8a66-7e293a3212a9', '885bb64d-b05c-4318-84e8-5c7e34e82c3d', 'a2321188-eead-4fb9-9378-d541af7acb26']",a39f8c25-a265-4423-8142-103e1eb4a993,97275d48-a292-415c-a2b9-52eb1bc82908
True,"['b0ea0638-c2b6-449d-9bd4-af65d0e2d1a2', '33c77d8a-c7f3-4635-a818-3ffc494b94f5', '3e629976-b15d-4ef5-8fb2-aca622ef08a6', '94c93adb-2204-406e-80f6-8657254852f9', '86709dae-5fbe-43b7-9b45-d2bc648d1227']",b0ea0638-c2b6-449d-9bd4-af65d0e2d1a2,4298258d-d6db-4a75-a425-4e54e2b09b20
False,"['50332787-9209-40a4-9cb4-6e6437d0ab08', '95357c66-9c21-4d2c-b2f2-73213f4a4c53', 'e8a547c7-4e2e-4035-b17c-12cd128042f8', 'fff3d142-386f-40d5-875d-d0521282c025', '80ec6d30-13cd-4b51-b306-32a083295359']",b07c38e6-2c1c-4aad-aecc-0443024906c3,ceebede8-66c4-413e-a064-f8b8682efadc
True,"['33c77d8a-c7f3-4635-a818-3ffc494b94f5', '94c93adb-2204-406e-80f6-8657254852f9', 'b0ea0638-c2b6-449d-9bd4-af65d0e2d1a2', 'a2321188-eead-4fb9-9378-d541af7acb26', 'a39f8c25-a265-4423-8142-103e1eb4a993']",33c77d8a-c7f3-4635-a818-3ffc494b94f5,f0981f69-fded-4161-9c86-584a92f148aa
False,"['c17764ae-de6e-4708-9504-42dacba610fd', '160cb020-5b3a-4aa0-a500-a79cd24f852c', '23af0bf3-473e-4734-9062-502ba9080393', 'f71c5f78-546b-4db9-ba08-f18ea161d9cd', '424ae309-877b-4a31-8c24-284b9b9d3623']",26db235d-c40c-47a6-b4c2-0a3683c6a58f,b8821696-fb31-4557-95bb-97622a36f4b5
True,"['b22b132a-b755-43f1-be65-ae839e1291a8', 'f09b68ae-f25e-49eb-80c7-ae1cd5bc6281', '8b7b7ee0-40ae-472d-946e-6ba23cb5980a', '06f1d586-8ba7-453f-af74-b1c740401b96', '13ebf668-f4a1-4196-8a91-af9ba7985361']",b22b132a-b755-43f1-be65-ae839e1291a8,4836e687-5f41-47da-a49c-27d20cef8cc6
True,"['160cb020-5b3a-4aa0-a500-a79cd24f852c', 'f71c5f78-546b-4db9-ba08-f18ea161d9cd', '5d541397-0033-486d-958d-3a9583efa9e4', '7d256af9-55d2-4cfb-aa79-c78ce861720a', 'c17764ae-de6e-4708-9504-42dacba610fd']",5d541397-0033-486d-958d-3a9583efa9e4,05d87d4f-d384-4794-b69a-13dd48cb29bf
True,"['65f3cede-7a17-47dd-858e-fc4a0b4e330d', '5413c064-f105-404d-bcae-d28cb4723223', '00e7c88e-d146-410e-b944-66647afef3e1', '10e787e3-67c7-41ef-93ee-32608ed76c2f', '8fba4d61-65a1-41a3-bbd2-5a1904c0c0b8']",65f3cede-7a17-47dd-858e-fc4a0b4e330d,90af1359-8a5e-4edf-b3aa-c6cf67171943
False,"['c17764ae-de6e-4708-9504-42dacba610fd', '160cb020-5b3a-4aa0-a500-a79cd24f852c', '23af0bf3-473e-4734-9062-502ba9080393', 'f71c5f78-546b-4db9-ba08-f18ea161d9cd', '424ae309-877b-4a31-8c24-284b9b9d3623']",50be5184-de3d-4510-b582-fcaa7de84b1d,da063347-0bf8-40a4-bfe7-1f664fe4a5fc
True,"['fc8cdcad-58c0-4aea-92a3-4c00b774f073', '00e7c88e-d146-410e-b944-66647afef3e1', '1f96bf71-d546-4827-ae8f-cf4f61002789', 'd333fca4-4a2f-4770-9169-ccb04209a7d2', '72274499-fc22-47a2-83e9-689524988cf4']",00e7c88e-d146-410e-b944-66647afef3e1,459db766-d30d-4a70-a1f1-94ad231e1e3c
True,"['fc8cdcad-58c0-4aea-92a3-4c00b774f073', 'a0281042-ecb6-4a56-aa77-eb55d61adef9', '2bef7fc5-cee1-4808-bec7-7b50b2651b4e', '7deba95e-97fe-4691-9107-e80a43379006', '00e7c88e-d146-410e-b944-66647afef3e1']",a0281042-ecb6-4a56-aa77-eb55d61adef9,b824cd14-f053-4da9-871c-4e39cc1940e2
True,"['8f9b5790-aee1-47c0-84d4-832667600849', 'de34dfe2-c9cf-404d-bec5-019eba528bac', 'b6747707-5fe6-477e-abc6-749bbf18ca38', 'f71c5f78-546b-4db9-ba08-f18ea161d9cd', 'c3235681-4646-47c2-bd67-dad6c1e51517']",8f9b5790-aee1-47c0-84d4-832667600849,a9469468-1dc0-4163-bb1b-aff9d9def9ca
True,"['0ec57093-d742-4586-8ef0-a8beae217610', '1932e611-a548-4816-8aa3-674cf776e342', '65f3cede-7a17-47dd-858e-fc4a0b4e330d', 'b6747707-5fe6-477e-abc6-749bbf18ca38', '97439c82-4df4-4a3e-ba8a-004a8d2fc051']",0ec57093-d742-4586-8ef0-a8beae217610,2af0fba7-f30b-42b7-9479-3f44afd63d42
True,"['94c93adb-2204-406e-80f6-8657254852f9', '3b65b34a-d1f5-45d1-bf6d-f1b722ddc769', '95a0ebd6-8d50-48ef-882f-0148c83a7c72', '1877ddd3-fb73-4af3-85a5-6389148441c3', '5b45268c-618d-45d5-be4c-0e9b59082e6a']",94c93adb-2204-406e-80f6-8657254852f9,284ac557-17d8-40d2-bcaf-13afe13d77e9
True,"['5b45268c-618d-45d5-be4c-0e9b59082e6a', '1dbcbe52-6454-437b-b3c9-85b7a89330fb', '9406c77b-98f9-4767-8927-87ed87f08895', '04efa80c-ae13-459d-8ad4-e07ecd0b68d6', '65f3cede-7a17-47dd-858e-fc4a0b4e330d']",5b45268c-618d-45d5-be4c-0e9b59082e6a,a5cbbd7a-574b-42f8-84c0-31e55928120f
True,"['50332787-9209-40a4-9cb4-6e6437d0ab08', '95357c66-9c21-4d2c-b2f2-73213f4a4c53', 'e8a547c7-4e2e-4035-b17c-12cd128042f8', 'fff3d142-386f-40d5-875d-d0521282c025', '80ec6d30-13cd-4b51-b306-32a083295359']",95357c66-9c21-4d2c-b2f2-73213f4a4c53,7e054332-c89c-44d0-b4f7-f97a1e11fb20
True,"['a85a8844-6361-485e-97f7-3a9e86f70d4b', '13ebf668-f4a1-4196-8a91-af9ba7985361', '23bea6a7-3617-4769-8f10-26c310f8823a', 'c099c67a-9e3a-4e7f-a6bd-9b0c6a11b823', '8f9b5790-aee1-47c0-84d4-832667600849']",a85a8844-6361-485e-97f7-3a9e86f70d4b,d29e358e-d5e1-4514-8068-d22bc2dd4fb0
True,"['53ec8fc2-f7fd-4934-94a9-2da927d56762', '7d256af9-55d2-4cfb-aa79-c78ce861720a', '943a79a7-9156-40fa-9f9b-544890b9b1e4', '76f307a8-1f11-4e7e-9b4a-5140408c8785', 'c17764ae-de6e-4708-9504-42dacba610fd']",53ec8fc2-f7fd-4934-94a9-2da927d56762,016e131e-5846-44a1-b8a3-df98e5016b64
True,"['86709dae-5fbe-43b7-9b45-d2bc648d1227', '0285b881-b128-47cd-9b80-ce156797d138', 'ba57f2b3-15dd-49ac-925a-bc90dc4935b9', 'ff211b38-582c-4a5d-93a5-4d051eb6e59e', 'b0ea0638-c2b6-449d-9bd4-af65d0e2d1a2']",86709dae-5fbe-43b7-9b45-d2bc648d1227,0d042ebd-0581-4701-ae29-68569ac039c2
True,"['afd49bc3-fa1c-4032-91cc-ed9f05569857', '90b8a9ea-c735-4d17-8d0a-b1567e81f1ae', '44098035-7f30-4823-ae11-a455244930fe', '028bc50f-97ea-49e6-9cd0-7e03295cc40c', 'a85a8844-6361-485e-97f7-3a9e86f70d4b']",afd49bc3-fa1c-4032-91cc-ed9f05569857,de4b8b84-6376-4bed-9ddb-f42fcb1c5294
True,"['90b8a9ea-c735-4d17-8d0a-b1567e81f1ae', 'afd49bc3-fa1c-4032-91cc-ed9f05569857', '44098035-7f30-4823-ae11-a455244930fe', '028bc50f-97ea-49e6-9cd0-7e03295cc40c', '10e787e3-67c7-41ef-93ee-32608ed76c2f']",90b8a9ea-c735-4d17-8d0a-b1567e81f1ae,b5d7329d-ba45-4fd1-9d1d-d46f2b3fc5ed
True,"['44098035-7f30-4823-ae11-a455244930fe', '90b8a9ea-c735-4d17-8d0a-b1567e81f1ae', '7858a526-c274-4745-bd7b-d1534dde782d', 'b17f0ffd-260b-497c-91bf-5eb26d7e44c8', '4a63bc69-8616-40e6-8025-31cfde8dd671']",4a63bc69-8616-40e6-8025-31cfde8dd671,4e1e7b61-e8ec-4acf-bb78-464a8b040783
True,"['44098035-7f30-4823-ae11-a455244930fe', '90b8a9ea-c735-4d17-8d0a-b1567e81f1ae', 'afd49bc3-fa1c-4032-91cc-ed9f05569857', '7858a526-c274-4745-bd7b-d1534dde782d', 'ee517c9c-702a-415b-bc36-c46631f0c72b']",44098035-7f30-4823-ae11-a455244930fe,007056bf-b34d-4252-bed6-e651fce1eb8b
True,"['028bc50f-97ea-49e6-9cd0-7e03295cc40c', 'afd49bc3-fa1c-4032-91cc-ed9f05569857', '90b8a9ea-c735-4d17-8d0a-b1567e81f1ae', 'ca93065d-d90f-42c6-bcb3-eca8e6fb5534', '44098035-7f30-4823-ae11-a455244930fe']",028bc50f-97ea-49e6-9cd0-7e03295cc40c,390b6aa7-5230-430d-a7c0-3101981d624d
False,"['c17764ae-de6e-4708-9504-42dacba610fd', '160cb020-5b3a-4aa0-a500-a79cd24f852c', '23af0bf3-473e-4734-9062-502ba9080393', 'f71c5f78-546b-4db9-ba08-f18ea161d9cd', '424ae309-877b-4a31-8c24-284b9b9d3623']",7d59247a-0b7d-4ac8-80b3-26257caa1a7f,d7090c4c-b54d-4a07-bf90-d2d51e789ff4
True,"['1ea1b8e9-1e96-4595-8026-6202d70bf1cb', 'd93e0f38-74d6-4671-9ec3-692009e79565', 'ef9cfbe9-79f0-49d2-98c6-f05668655fe6', 'afd49bc3-fa1c-4032-91cc-ed9f05569857', '9fd6665d-5804-4457-98ee-4a8130ebb337']",d93e0f38-74d6-4671-9ec3-692009e79565,e4f936f9-dda9-4ae4-97d1-a44aa3e50a31
True,"['dc2257e8-6a7a-409c-b7df-4549b336ecf2', 'b8d32983-dd3d-42af-99f5-559ee9d64312', '35d21956-5554-4bbf-9e17-1a5e56f7bcec', '885bb64d-b05c-4318-84e8-5c7e34e82c3d', 'a39f8c25-a265-4423-8142-103e1eb4a993']",dc2257e8-6a7a-409c-b7df-4549b336ecf2,2b9621ef-6032-483d-8af4-b0ae872c4980
False,"['59a536b6-8cae-422e-9361-d5091eae006a', '3bcdce41-20f8-45cc-bf25-b1cf827794d8', 'a452a9c6-19fd-464a-8497-51df9aa455cb', '25b14fed-ab75-4614-8b90-28ae2ca9bd78', '583d0309-df46-4078-bf7f-a7f692969f6b']",8b7b7ee0-40ae-472d-946e-6ba23cb5980a,d64689c9-a982-4c19-91db-fb8f38f40e16
True,"['24e6ec1b-8cfa-46bb-b56a-7e16fef809f3', '9fd6665d-5804-4457-98ee-4a8130ebb337', '13ebf668-f4a1-4196-8a91-af9ba7985361', 'ef9cfbe9-79f0-49d2-98c6-f05668655fe6', '583d0309-df46-4078-bf7f-a7f692969f6b']",9fd6665d-5804-4457-98ee-4a8130ebb337,81885c7f-1a60-466c-b925-2754b4903616
False,"['7858a526-c274-4745-bd7b-d1534dde782d', '44098035-7f30-4823-ae11-a455244930fe', '90b8a9ea-c735-4d17-8d0a-b1567e81f1ae', 'afd49bc3-fa1c-4032-91cc-ed9f05569857', '13ebf668-f4a1-4196-8a91-af9ba7985361']",40e62695-e230-44d9-ae8f-d158d117810e,d21e0df4-9351-4f94-b2fb-2014e91583b3
True,"['ee517c9c-702a-415b-bc36-c46631f0c72b', '90b8a9ea-c735-4d17-8d0a-b1567e81f1ae', 'afd49bc3-fa1c-4032-91cc-ed9f05569857', '7858a526-c274-4745-bd7b-d1534dde782d', '44098035-7f30-4823-ae11-a455244930fe']",ee517c9c-702a-415b-bc36-c46631f0c72b,36232925-3d2d-46ef-8078-98edfa20617c
True,"['f09b68ae-f25e-49eb-80c7-ae1cd5bc6281', 'ab94f19f-8152-4ca4-ae8b-fe6b3db16913', '1d3ede7f-b953-44e5-815c-24e798ee1f05', 'b17f0ffd-260b-497c-91bf-5eb26d7e44c8', 'd93e0f38-74d6-4671-9ec3-692009e79565']",f09b68ae-f25e-49eb-80c7-ae1cd5bc6281,24e27d12-7301-42c9-af64-9ea13e78f71a
True,"['b363fec9-71f5-4e4e-b9f2-f4070f3486c0', '2a8d1775-f386-45ca-b1f9-c50df94e532c', 'd3a1fd55-e413-4de8-8a15-45c2e1139d6c', '396bea04-0f22-40fe-a2e5-01c097706230', 'c0555b21-daa8-4db1-94b3-74c6ca185312']",b363fec9-71f5-4e4e-b9f2-f4070f3486c0,9890c733-2906-49be-ac72-1dc9724770ef
True,"['f09b68ae-f25e-49eb-80c7-ae1cd5bc6281', 'ab94f19f-8152-4ca4-ae8b-fe6b3db16913', 'd93e0f38-74d6-4671-9ec3-692009e79565', 'e02cdcc7-dc0d-410b-861d-a6ddc5d4f7e7', '541df886-ff91-4188-a49b-93720f5d123e']",541df886-ff91-4188-a49b-93720f5d123e,1599548e-9ae2-457d-b221-cbccb32d5723
True,"['1d3ede7f-b953-44e5-815c-24e798ee1f05', 'f09b68ae-f25e-49eb-80c7-ae1cd5bc6281', 'ab94f19f-8152-4ca4-ae8b-fe6b3db16913', 'd93e0f38-74d6-4671-9ec3-692009e79565', '541df886-ff91-4188-a49b-93720f5d123e']",ab94f19f-8152-4ca4-ae8b-fe6b3db16913,1aaab2d2-766d-435c-86dc-58e4ca8f1316
True,"['3bcdce41-20f8-45cc-bf25-b1cf827794d8', 'd3a1fd55-e413-4de8-8a15-45c2e1139d6c', 'e5dbf2e4-3981-4488-8183-a0333ea94a46', '237c2b3b-b389-4608-baad-64081bf5d642', 'bad7afe8-c497-47f7-9538-8527c5c11492']",3bcdce41-20f8-45cc-bf25-b1cf827794d8,62280d32-3efa-4997-8a3b-1c0b65fdd20c
False,"['c17764ae-de6e-4708-9504-42dacba610fd', '160cb020-5b3a-4aa0-a500-a79cd24f852c', '23af0bf3-473e-4734-9062-502ba9080393', 'f71c5f78-546b-4db9-ba08-f18ea161d9cd', '424ae309-877b-4a31-8c24-284b9b9d3623']",e8a547c7-4e2e-4035-b17c-12cd128042f8,cba56fd8-fccc-4809-934d-26a045a4f0c0
True,"['59a536b6-8cae-422e-9361-d5091eae006a', 'c22b6b7b-6b4e-4048-a9c6-7f9bdd3d04c1', '541df886-ff91-4188-a49b-93720f5d123e', 'e0542e47-cdc6-49be-9584-f152a715058e', 'fc8cdcad-58c0-4aea-92a3-4c00b774f073']",59a536b6-8cae-422e-9361-d5091eae006a,b77fef1c-5d45-4c8f-bb49-f117c771de8e
True,"['4d9c5ea9-91b7-4cd9-97c4-9e824a9a4515', '653ff8da-59ab-4086-b7c0-eff2a5815a8a', '81f0970f-ecb2-4e17-b482-ec20f272a578', '1d9d92f8-5443-4b10-8946-f12ac32ead30', '160cb020-5b3a-4aa0-a500-a79cd24f852c']",81f0970f-ecb2-4e17-b482-ec20f272a578,0a1928d0-703a-40b3-9b7c-fc30a6449a18
True,"['75042b50-fa58-43a6-baa9-422dcfd7ea93', '8b7b7ee0-40ae-472d-946e-6ba23cb5980a', '13ebf668-f4a1-4196-8a91-af9ba7985361', '424ae309-877b-4a31-8c24-284b9b9d3623', '81f0970f-ecb2-4e17-b482-ec20f272a578']",75042b50-fa58-43a6-baa9-422dcfd7ea93,abf76210-8c0c-4818-ab70-8894f883846b
True,"['46baa6b5-233f-4578-ad0f-0c686b24f8f2', '599ab531-a53e-4d41-b210-1f7be354b9f9', 'bad7afe8-c497-47f7-9538-8527c5c11492', '5d40fb64-e13f-48c2-81c8-6f4ae7d27f71', 'afd16e18-de2d-43a6-ba68-61b01edcd1fd']",46baa6b5-233f-4578-ad0f-0c686b24f8f2,9e5f2757-549b-4e9f-80e8-4cc64fca3a82
False,"['50332787-9209-40a4-9cb4-6e6437d0ab08', '95357c66-9c21-4d2c-b2f2-73213f4a4c53', 'e8a547c7-4e2e-4035-b17c-12cd128042f8', 'fff3d142-386f-40d5-875d-d0521282c025', '80ec6d30-13cd-4b51-b306-32a083295359']",ba711941-145b-459b-9ecd-93f472d6b3e7,10c91328-4822-404f-b13b-26012db96e03
True,"['17d414c6-f5a9-4dd8-b24a-8d391cfab98d', '00e7c88e-d146-410e-b944-66647afef3e1', 'e83c484c-4777-44ec-bbbb-5a2eebc974fa', '46baa6b5-233f-4578-ad0f-0c686b24f8f2', '5413c064-f105-404d-bcae-d28cb4723223']",17d414c6-f5a9-4dd8-b24a-8d391cfab98d,2961a4b4-81ca-4417-82a8-bd853b00538f
True,"['599ab531-a53e-4d41-b210-1f7be354b9f9', 'd3a1fd55-e413-4de8-8a15-45c2e1139d6c', 'f3ecb0ea-b1d0-4ae9-8da2-781052f91559', '237c2b3b-b389-4608-baad-64081bf5d642', 'bad7afe8-c497-47f7-9538-8527c5c11492']",599ab531-a53e-4d41-b210-1f7be354b9f9,bf5d7ab8-7174-4311-8269-a0c7eb8205a9
False,"['424ae309-877b-4a31-8c24-284b9b9d3623', '50332787-9209-40a4-9cb4-6e6437d0ab08', '95357c66-9c21-4d2c-b2f2-73213f4a4c53', 'fff3d142-386f-40d5-875d-d0521282c025', '80ec6d30-13cd-4b51-b306-32a083295359']",723f6386-abd1-45f1-9ee3-b70b64c20293,9d2dea79-1fc7-49ee-a88f-bd6d11e93599
True,"['d8b96a29-c442-4e96-84e1-d45ab65bdbc7', 'e5dbf2e4-3981-4488-8183-a0333ea94a46', 'ccd20fa2-749f-4315-aa9d-500605c634e2', '10575c53-c4e9-4c5c-b4b4-fc6152e9d956', '23af0bf3-473e-4734-9062-502ba9080393']",ccd20fa2-749f-4315-aa9d-500605c634e2,3eb43e33-1561-4a11-9192-ceccbba57302
True,"['bf208cdd-40eb-474a-b3fc-e19b3cf47f03', 'a27bcf1a-0416-4ae9-a9a1-a94d5b13d696', '72ac2a76-6edc-4363-a1f0-2e37b755fa6e', 'a989c01f-e419-4bda-847c-11901f50f19d', 'ab94f19f-8152-4ca4-ae8b-fe6b3db16913']",a27bcf1a-0416-4ae9-a9a1-a94d5b13d696,dc67137e-9e7d-4369-bdd9-9e8a785bc30a
False,"['50332787-9209-40a4-9cb4-6e6437d0ab08', '95357c66-9c21-4d2c-b2f2-73213f4a4c53', 'e8a547c7-4e2e-4035-b17c-12cd128042f8', 'fff3d142-386f-40d5-875d-d0521282c025', '80ec6d30-13cd-4b51-b306-32a083295359']",d26cf361-abb9-4441-a7ff-4fdedb7d1902,6908966b-f496-4083-89a1-8ac7e8419871
True,"['2007718f-9c82-42c5-91cd-5b3f352ccd3b', '1104d3fd-4455-4c41-844f-8586d39a3720', 'c33affa4-3386-4629-8b6c-65b6a3da6681', 'f71c5f78-546b-4db9-ba08-f18ea161d9cd', 'a27bcf1a-0416-4ae9-a9a1-a94d5b13d696']",2007718f-9c82-42c5-91cd-5b3f352ccd3b,52d88d2f-c269-4a3e-8df1-65faf841f51a
True,"['6f232c32-9815-4332-8f22-8ce629a9c3e0', '43055814-2c1d-4838-950d-7efceb6bbeb5', 'bf208cdd-40eb-474a-b3fc-e19b3cf47f03', 'ccb98ef3-451d-464e-908b-bab10d63612f', '29f6ac15-6843-43cb-b11a-08b9456992b6']",6f232c32-9815-4332-8f22-8ce629a9c3e0,92403b36-6234-4488-9055-4128e7c749bf
True,"['c3235681-4646-47c2-bd67-dad6c1e51517', '10575c53-c4e9-4c5c-b4b4-fc6152e9d956', 'b6747707-5fe6-477e-abc6-749bbf18ca38', '217b2831-c1c7-452d-b8ba-fcd6239a7ec7', 'a452a9c6-19fd-464a-8497-51df9aa455cb']",c3235681-4646-47c2-bd67-dad6c1e51517,dfd4ae57-59f2-4ce6-9389-a5fe1fe5e25a
True,"['1d3ede7f-b953-44e5-815c-24e798ee1f05', '885bb64d-b05c-4318-84e8-5c7e34e82c3d', '8b7d5992-93a4-4e2e-a4e0-8ce03cb0d900', 'bf208cdd-40eb-474a-b3fc-e19b3cf47f03', '7fe9908d-f82c-42ef-994f-91e3765be733']",1d3ede7f-b953-44e5-815c-24e798ee1f05,92b8b3f8-9a96-476d-b967-7a15a731d35e
True,"['29f6ac15-6843-43cb-b11a-08b9456992b6', '6f232c32-9815-4332-8f22-8ce629a9c3e0', '7ed1fb6a-0aa4-4362-9e47-3c87444cc296', '1a832a32-eac7-4151-85a2-91f198e96582', '88145294-cb78-4e6f-a320-8f94ac2b8389']",29f6ac15-6843-43cb-b11a-08b9456992b6,23e50b13-e84e-456b-a111-006a63842fdf
True,"['b95c24fd-20f3-40ba-bf9d-d59c494d0d66', '9a48a9dc-e785-405c-90e0-c234aa522e27', '3378e4a8-ab1b-4dd7-8a0a-afb67c849a6d', 'f3ecb0ea-b1d0-4ae9-8da2-781052f91559', 'afd16e18-de2d-43a6-ba68-61b01edcd1fd']",b95c24fd-20f3-40ba-bf9d-d59c494d0d66,4f929aa8-86d3-4412-a961-5809f111ce91
True,"['43055814-2c1d-4838-950d-7efceb6bbeb5', 'a27bcf1a-0416-4ae9-a9a1-a94d5b13d696', '81898f6f-edb1-4973-b15f-fd5869229a64', 'bf208cdd-40eb-474a-b3fc-e19b3cf47f03', '8b7d5992-93a4-4e2e-a4e0-8ce03cb0d900']",43055814-2c1d-4838-950d-7efceb6bbeb5,dd4d808c-53c7-45dc-8679-44a8ecdeb51a
True,"['8b7d5992-93a4-4e2e-a4e0-8ce03cb0d900', '7ed1fb6a-0aa4-4362-9e47-3c87444cc296', '1d3ede7f-b953-44e5-815c-24e798ee1f05', '7fe9908d-f82c-42ef-994f-91e3765be733', '2007718f-9c82-42c5-91cd-5b3f352ccd3b']",8b7d5992-93a4-4e2e-a4e0-8ce03cb0d900,e7652db7-a32f-4747-a763-651baf6f57f0
True,"['885bb64d-b05c-4318-84e8-5c7e34e82c3d', 'a67288e6-d267-4ee9-952a-3fe7b3b9907f', '1104d3fd-4455-4c41-844f-8586d39a3720', '2cfce2a1-44df-414d-92be-873cdc3bc10b', 'f3ecb0ea-b1d0-4ae9-8da2-781052f91559']",885bb64d-b05c-4318-84e8-5c7e34e82c3d,e5ee58bb-dc37-4a24-833f-f7df2a723e99
False,"['c17764ae-de6e-4708-9504-42dacba610fd', '160cb020-5b3a-4aa0-a500-a79cd24f852c', '23af0bf3-473e-4734-9062-502ba9080393', 'f71c5f78-546b-4db9-ba08-f18ea161d9cd', '424ae309-877b-4a31-8c24-284b9b9d3623']",075ef586-533a-4ffd-96b2-953313295195,3e85cd6e-1b14-4fa2-8d8c-2a4cc0372280
True,"['81898f6f-edb1-4973-b15f-fd5869229a64', 'a27bcf1a-0416-4ae9-a9a1-a94d5b13d696', '43055814-2c1d-4838-950d-7efceb6bbeb5', '2007718f-9c82-42c5-91cd-5b3f352ccd3b', '88145294-cb78-4e6f-a320-8f94ac2b8389']",81898f6f-edb1-4973-b15f-fd5869229a64,34b9de70-e06b-47fb-a9b2-66ca1b652581
True,"['df2afbab-7f58-4d2d-a8b0-1878ea887fb9', '35d21956-5554-4bbf-9e17-1a5e56f7bcec', '88145294-cb78-4e6f-a320-8f94ac2b8389', '0ec57093-d742-4586-8ef0-a8beae217610', '81f0970f-ecb2-4e17-b482-ec20f272a578']",35d21956-5554-4bbf-9e17-1a5e56f7bcec,3bcfbcdd-c3e2-4474-9ad9-b7777ea68ff5
True,"['37b54caf-4f10-4594-8448-c06355e27170', 'b7e252ab-b171-49f5-a080-49df4a6dfd3e', 'c22b6b7b-6b4e-4048-a9c6-7f9bdd3d04c1', 'e53ae75f-929c-4d48-8747-60a8fdc1aa41', '7d256af9-55d2-4cfb-aa79-c78ce861720a']",37b54caf-4f10-4594-8448-c06355e27170,da5b271c-e228-4583-b517-5daf70729941
True,"['1a832a32-eac7-4151-85a2-91f198e96582', '8b7d5992-93a4-4e2e-a4e0-8ce03cb0d900', '7fe9908d-f82c-42ef-994f-91e3765be733', '2d23026c-8f0d-47a5-84ad-764a8c010130', '8b7b7ee0-40ae-472d-946e-6ba23cb5980a']",1a832a32-eac7-4151-85a2-91f198e96582,285ac2df-68d3-4cde-bb54-8773b65e419e
True,"['b7e252ab-b171-49f5-a080-49df4a6dfd3e', 'e53ae75f-929c-4d48-8747-60a8fdc1aa41', '37b54caf-4f10-4594-8448-c06355e27170', 'caa65ff1-0be7-471b-8438-c454fb233d56', 'b8d32983-dd3d-42af-99f5-559ee9d64312']",b7e252ab-b171-49f5-a080-49df4a6dfd3e,45a1f25d-f233-46c3-8823-43a630e1f7bf
True,"['88145294-cb78-4e6f-a320-8f94ac2b8389', '35d21956-5554-4bbf-9e17-1a5e56f7bcec', '8b7d5992-93a4-4e2e-a4e0-8ce03cb0d900', '81f0970f-ecb2-4e17-b482-ec20f272a578', '8aa56b9b-15fe-425a-801d-d5de747616eb']",88145294-cb78-4e6f-a320-8f94ac2b8389,cae7ad86-b06c-4dd4-90f1-eaa3a2ceaf9a
True,"['df2afbab-7f58-4d2d-a8b0-1878ea887fb9', '35d21956-5554-4bbf-9e17-1a5e56f7bcec', '165aa00c-a132-416f-91b3-4399e1429982', '885bb64d-b05c-4318-84e8-5c7e34e82c3d', '57a3d8c2-a146-4a6d-a471-66908b89dd79']",df2afbab-7f58-4d2d-a8b0-1878ea887fb9,a24ee10c-8a59-46fb-8b5e-7cb2741338f7
True,"['caa65ff1-0be7-471b-8438-c454fb233d56', '8c43a354-3185-40aa-b942-32b0f85cfca6', '72274499-fc22-47a2-83e9-689524988cf4', '85c923c0-5835-456e-a4c7-9a3822eff4dd', '59a536b6-8cae-422e-9361-d5091eae006a']",caa65ff1-0be7-471b-8438-c454fb233d56,0c477898-fa8f-48ec-83fc-88179508a3db
True,"['165aa00c-a132-416f-91b3-4399e1429982', 'bad7afe8-c497-47f7-9538-8527c5c11492', '34efa1ed-100b-4721-84ba-eeb0a4478f99', '5b45268c-618d-45d5-be4c-0e9b59082e6a', '03f9c567-efda-4b0f-a452-3e5a6c1db676']",165aa00c-a132-416f-91b3-4399e1429982,5c2ce863-6faa-4f00-a6c2-6100cb9ef906
True,"['40cde3de-030a-4a9d-a753-0a41204f656a', '9a48a9dc-e785-405c-90e0-c234aa522e27', '74887297-84ee-433f-b7c2-42dee89a72f6', 'b17f0ffd-260b-497c-91bf-5eb26d7e44c8', '3378e4a8-ab1b-4dd7-8a0a-afb67c849a6d']",40cde3de-030a-4a9d-a753-0a41204f656a,fa7ed907-2655-4530-9c9b-1f273c31c477
True,"['81f0970f-ecb2-4e17-b482-ec20f272a578', '653ff8da-59ab-4086-b7c0-eff2a5815a8a', '4d9c5ea9-91b7-4cd9-97c4-9e824a9a4515', '160cb020-5b3a-4aa0-a500-a79cd24f852c', '1d9d92f8-5443-4b10-8946-f12ac32ead30']",160cb020-5b3a-4aa0-a500-a79cd24f852c,e14f6a40-b0ef-4965-8454-ac310bd1d1e3
True,"['1932e611-a548-4816-8aa3-674cf776e342', '86709dae-5fbe-43b7-9b45-d2bc648d1227', '960b665c-1a3e-487f-8ec3-6c722fcc96c2', 'a67288e6-d267-4ee9-952a-3fe7b3b9907f', '583d0309-df46-4078-bf7f-a7f692969f6b']",1932e611-a548-4816-8aa3-674cf776e342,c3752734-beb8-4e22-8fb2-f53fa2322b7b
True,"['23bea6a7-3617-4769-8f10-26c310f8823a', '7ed1fb6a-0aa4-4362-9e47-3c87444cc296', '1d3ede7f-b953-44e5-815c-24e798ee1f05', '8b7d5992-93a4-4e2e-a4e0-8ce03cb0d900', 'f09b68ae-f25e-49eb-80c7-ae1cd5bc6281']",7ed1fb6a-0aa4-4362-9e47-3c87444cc296,a5b9dbd6-259d-4911-b0ff-749140736e71
True,"['f18d1d23-b231-4dc4-9713-32582d36ea55', '7ed1fb6a-0aa4-4362-9e47-3c87444cc296', '7fe9908d-f82c-42ef-994f-91e3765be733', '1d3ede7f-b953-44e5-815c-24e798ee1f05', '23bea6a7-3617-4769-8f10-26c310f8823a']",f18d1d23-b231-4dc4-9713-32582d36ea55,28d03bfd-ee22-4d94-b98e-66e15927d96c
True,"['b0e3e4e2-52e3-4fcf-90fd-3bd104c8e68a', '7a8c46da-add9-4f79-b027-53b8b0f0450b', 'e02cdcc7-dc0d-410b-861d-a6ddc5d4f7e7', '40cde3de-030a-4a9d-a753-0a41204f656a', 'f09b68ae-f25e-49eb-80c7-ae1cd5bc6281']",b0e3e4e2-52e3-4fcf-90fd-3bd104c8e68a,cba67d27-db94-47fd-9986-cd161e9f4a15
True,"['23bea6a7-3617-4769-8f10-26c310f8823a', 'cc272617-2669-4305-9c31-69ff87985240', '74887297-84ee-433f-b7c2-42dee89a72f6', 'b17f0ffd-260b-497c-91bf-5eb26d7e44c8', '90b8a9ea-c735-4d17-8d0a-b1567e81f1ae']",23bea6a7-3617-4769-8f10-26c310f8823a,e6a90bc4-e2ed-4317-ade3-8beb9d01163a
True,"['7fe9908d-f82c-42ef-994f-91e3765be733', '1d3ede7f-b953-44e5-815c-24e798ee1f05', '7ed1fb6a-0aa4-4362-9e47-3c87444cc296', 'fcd02375-dd97-4f4a-bceb-9f5b1caf8c9f', 'dc2257e8-6a7a-409c-b7df-4549b336ecf2']",7fe9908d-f82c-42ef-994f-91e3765be733,ba1137e3-195b-4304-93cb-2f52bbc1b085
False,"['160cb020-5b3a-4aa0-a500-a79cd24f852c', '424ae309-877b-4a31-8c24-284b9b9d3623', 'c17764ae-de6e-4708-9504-42dacba610fd', 'f71c5f78-546b-4db9-ba08-f18ea161d9cd', '23af0bf3-473e-4734-9062-502ba9080393']",51d4530d-b902-41a6-b0bc-34fdca609040,2470d579-4af2-4534-bf71-e868170730a5
True,"['e5dbf2e4-3981-4488-8183-a0333ea94a46', '599ab531-a53e-4d41-b210-1f7be354b9f9', '3bcdce41-20f8-45cc-bf25-b1cf827794d8', 'bad7afe8-c497-47f7-9538-8527c5c11492', '5d40fb64-e13f-48c2-81c8-6f4ae7d27f71']",e5dbf2e4-3981-4488-8183-a0333ea94a46,7bd6b2a3-3e16-4363-ae52-541ab233a142
True,"['74887297-84ee-433f-b7c2-42dee89a72f6', 'd3a1fd55-e413-4de8-8a15-45c2e1139d6c', '9a48a9dc-e785-405c-90e0-c234aa522e27', '2f05183d-87a5-4005-a43f-db61fb87fcb2', 'bad7afe8-c497-47f7-9538-8527c5c11492']",74887297-84ee-433f-b7c2-42dee89a72f6,4a388d45-815e-46ae-b7d8-9ba68a81cd7e
True,"['9a48a9dc-e785-405c-90e0-c234aa522e27', '40cde3de-030a-4a9d-a753-0a41204f656a', '43b43cb1-4214-45e6-8f64-104f41c4fdc8', '1932e611-a548-4816-8aa3-674cf776e342', 'e5dbf2e4-3981-4488-8183-a0333ea94a46']",9a48a9dc-e785-405c-90e0-c234aa522e27,8ba0771c-08a1-46b8-a8d6-bfa4a87f85a1
True,"['1dbcbe52-6454-437b-b3c9-85b7a89330fb', '8b7d5992-93a4-4e2e-a4e0-8ce03cb0d900', 'b8d32983-dd3d-42af-99f5-559ee9d64312', 'cc272617-2669-4305-9c31-69ff87985240', '95a0ebd6-8d50-48ef-882f-0148c83a7c72']",1dbcbe52-6454-437b-b3c9-85b7a89330fb,96241581-bf10-4586-ac87-013cef17ec15
True,"['237c2b3b-b389-4608-baad-64081bf5d642', 'd3a1fd55-e413-4de8-8a15-45c2e1139d6c', '2584d598-6eef-4d1d-b93d-97e993c48c03', '599ab531-a53e-4d41-b210-1f7be354b9f9', '3bcdce41-20f8-45cc-bf25-b1cf827794d8']",237c2b3b-b389-4608-baad-64081bf5d642,227b43df-0bd0-4227-9817-e47c1d357179
True,"['f3ecb0ea-b1d0-4ae9-8da2-781052f91559', 'b95c24fd-20f3-40ba-bf9d-d59c494d0d66', 'afd16e18-de2d-43a6-ba68-61b01edcd1fd', '599ab531-a53e-4d41-b210-1f7be354b9f9', '3378e4a8-ab1b-4dd7-8a0a-afb67c849a6d']",f3ecb0ea-b1d0-4ae9-8da2-781052f91559,0e92ae30-96a0-4174-8e02-a75f52cf4dc4
True,"['960b665c-1a3e-487f-8ec3-6c722fcc96c2', 'b95c24fd-20f3-40ba-bf9d-d59c494d0d66', 'afd16e18-de2d-43a6-ba68-61b01edcd1fd', 'd8b96a29-c442-4e96-84e1-d45ab65bdbc7', '599ab531-a53e-4d41-b210-1f7be354b9f9']",960b665c-1a3e-487f-8ec3-6c722fcc96c2,4d04ba52-e100-4c41-a760-df492f61f238
True,"['afd16e18-de2d-43a6-ba68-61b01edcd1fd', '5d40fb64-e13f-48c2-81c8-6f4ae7d27f71', '40cde3de-030a-4a9d-a753-0a41204f656a', '2f05183d-87a5-4005-a43f-db61fb87fcb2', '75042b50-fa58-43a6-baa9-422dcfd7ea93']",afd16e18-de2d-43a6-ba68-61b01edcd1fd,191d26cb-b693-48c6-bf31-e1aa9491b666
True,"['3378e4a8-ab1b-4dd7-8a0a-afb67c849a6d', '2f05183d-87a5-4005-a43f-db61fb87fcb2', 'bad7afe8-c497-47f7-9538-8527c5c11492', '74887297-84ee-433f-b7c2-42dee89a72f6', 'd3a1fd55-e413-4de8-8a15-45c2e1139d6c']",3378e4a8-ab1b-4dd7-8a0a-afb67c849a6d,a7290f52-27ae-4926-aa45-0abf5c38912a
False,"['c17764ae-de6e-4708-9504-42dacba610fd', '160cb020-5b3a-4aa0-a500-a79cd24f852c', '23af0bf3-473e-4734-9062-502ba9080393', 'f71c5f78-546b-4db9-ba08-f18ea161d9cd', '424ae309-877b-4a31-8c24-284b9b9d3623']",14715852-4215-449d-a841-07be41f8de4a,66649c4b-cea1-4894-be96-3ce170534f9f
True,"['d3a1fd55-e413-4de8-8a15-45c2e1139d6c', '2584d598-6eef-4d1d-b93d-97e993c48c03', '237c2b3b-b389-4608-baad-64081bf5d642', '3bcdce41-20f8-45cc-bf25-b1cf827794d8', '599ab531-a53e-4d41-b210-1f7be354b9f9']",d3a1fd55-e413-4de8-8a15-45c2e1139d6c,b62da39c-57ef-4976-88fc-e6a1a5666a8c
True,"['81f0970f-ecb2-4e17-b482-ec20f272a578', '653ff8da-59ab-4086-b7c0-eff2a5815a8a', '4d9c5ea9-91b7-4cd9-97c4-9e824a9a4515', '8aa56b9b-15fe-425a-801d-d5de747616eb', '1d9d92f8-5443-4b10-8946-f12ac32ead30']",1d9d92f8-5443-4b10-8946-f12ac32ead30,2d932dac-a46f-4160-adeb-511601f8e85a
True,"['0bb4ecab-a402-487e-908a-2a1be45476d7', '46baa6b5-233f-4578-ad0f-0c686b24f8f2', 'bad7afe8-c497-47f7-9538-8527c5c11492', '2f05183d-87a5-4005-a43f-db61fb87fcb2', '599ab531-a53e-4d41-b210-1f7be354b9f9']",0bb4ecab-a402-487e-908a-2a1be45476d7,10ea39b7-0fdc-4a5f-836c-23b711910511
True,"['2f05183d-87a5-4005-a43f-db61fb87fcb2', '9a48a9dc-e785-405c-90e0-c234aa522e27', '3378e4a8-ab1b-4dd7-8a0a-afb67c849a6d', 'bad7afe8-c497-47f7-9538-8527c5c11492', '40cde3de-030a-4a9d-a753-0a41204f656a']",2f05183d-87a5-4005-a43f-db61fb87fcb2,cec7fa37-49e7-4f7c-84d2-8864775c07a3
True,"['b6747707-5fe6-477e-abc6-749bbf18ca38', 'afd16e18-de2d-43a6-ba68-61b01edcd1fd', '599ab531-a53e-4d41-b210-1f7be354b9f9', 'bad7afe8-c497-47f7-9538-8527c5c11492', 'b95c24fd-20f3-40ba-bf9d-d59c494d0d66']",b6747707-5fe6-477e-abc6-749bbf18ca38,cf1cc04b-0e64-471c-9356-6ed1fe16d9c4
True,"['4d9c5ea9-91b7-4cd9-97c4-9e824a9a4515', '653ff8da-59ab-4086-b7c0-eff2a5815a8a', '81f0970f-ecb2-4e17-b482-ec20f272a578', '8aa56b9b-15fe-425a-801d-d5de747616eb', '1d9d92f8-5443-4b10-8946-f12ac32ead30']",653ff8da-59ab-4086-b7c0-eff2a5815a8a,e6c208e1-047c-4e90-83dc-79c4a9f26894
True,"['43b43cb1-4214-45e6-8f64-104f41c4fdc8', '1932e611-a548-4816-8aa3-674cf776e342', '40cde3de-030a-4a9d-a753-0a41204f656a', '9a48a9dc-e785-405c-90e0-c234aa522e27', '8fba4d61-65a1-41a3-bbd2-5a1904c0c0b8']",43b43cb1-4214-45e6-8f64-104f41c4fdc8,13c84332-34a7-44a5-b164-dba807cde520
True,"['440953ad-bb8e-48a7-ac57-f373d7269a3e', '1932e611-a548-4816-8aa3-674cf776e342', '424ae309-877b-4a31-8c24-284b9b9d3623', '10e787e3-67c7-41ef-93ee-32608ed76c2f', 'a67288e6-d267-4ee9-952a-3fe7b3b9907f']",440953ad-bb8e-48a7-ac57-f373d7269a3e,643babaf-566e-4639-aa83-9c12c9aebd71
True,"['bad7afe8-c497-47f7-9538-8527c5c11492', '2f05183d-87a5-4005-a43f-db61fb87fcb2', '599ab531-a53e-4d41-b210-1f7be354b9f9', '3378e4a8-ab1b-4dd7-8a0a-afb67c849a6d', '34efa1ed-100b-4721-84ba-eeb0a4478f99']",bad7afe8-c497-47f7-9538-8527c5c11492,0ea01c89-9db4-4af8-8ddf-293cc71e01fd
False,"['50332787-9209-40a4-9cb4-6e6437d0ab08', '95357c66-9c21-4d2c-b2f2-73213f4a4c53', 'e8a547c7-4e2e-4035-b17c-12cd128042f8', 'fff3d142-386f-40d5-875d-d0521282c025', '80ec6d30-13cd-4b51-b306-32a083295359']",11ef6df3-18bf-4672-8d1b-3c692d8a6ff4,30b6f60b-c411-4743-a32f-41bf3696c5aa
True,"['4d9c5ea9-91b7-4cd9-97c4-9e824a9a4515', '653ff8da-59ab-4086-b7c0-eff2a5815a8a', '81f0970f-ecb2-4e17-b482-ec20f272a578', '160cb020-5b3a-4aa0-a500-a79cd24f852c', '1d9d92f8-5443-4b10-8946-f12ac32ead30']",4d9c5ea9-91b7-4cd9-97c4-9e824a9a4515,e76ed075-f44a-4e77-afb8-fdacd80fbf5b
True,"['2584d598-6eef-4d1d-b93d-97e993c48c03', '237c2b3b-b389-4608-baad-64081bf5d642', 'd3a1fd55-e413-4de8-8a15-45c2e1139d6c', 'afd16e18-de2d-43a6-ba68-61b01edcd1fd', '3bcdce41-20f8-45cc-bf25-b1cf827794d8']",2584d598-6eef-4d1d-b93d-97e993c48c03,dd054248-5483-472b-b318-cc92331aef16
True,"['34efa1ed-100b-4721-84ba-eeb0a4478f99', 'ccbad255-6847-4f73-a3a2-fda62b40fcc5', '165aa00c-a132-416f-91b3-4399e1429982', '00518ddb-2807-4915-9476-26ef5140ea82', 'bad7afe8-c497-47f7-9538-8527c5c11492']",34efa1ed-100b-4721-84ba-eeb0a4478f99,9ce0ea1f-43b4-484b-86ac-a9ddda6d0fe4
True,"['d8b96a29-c442-4e96-84e1-d45ab65bdbc7', '82a9efda-74e3-4893-94d0-fbc3a9302d64', 'df2afbab-7f58-4d2d-a8b0-1878ea887fb9', 'e5dbf2e4-3981-4488-8183-a0333ea94a46', '35d21956-5554-4bbf-9e17-1a5e56f7bcec']",d8b96a29-c442-4e96-84e1-d45ab65bdbc7,7769e8b5-68f0-432e-81c6-6bd068b93584
True,"['a67288e6-d267-4ee9-952a-3fe7b3b9907f', 'd8b96a29-c442-4e96-84e1-d45ab65bdbc7', '1932e611-a548-4816-8aa3-674cf776e342', 'a045e307-fe13-40f8-b0ba-ae95f04909c7', '43055814-2c1d-4838-950d-7efceb6bbeb5']",a67288e6-d267-4ee9-952a-3fe7b3b9907f,3c4cc31a-ff80-4c3f-9f2d-74abff573cb1
True,"['82a9efda-74e3-4893-94d0-fbc3a9302d64', '88145294-cb78-4e6f-a320-8f94ac2b8389', 'c17764ae-de6e-4708-9504-42dacba610fd', 'bf208cdd-40eb-474a-b3fc-e19b3cf47f03', '1d9d92f8-5443-4b10-8946-f12ac32ead30']",82a9efda-74e3-4893-94d0-fbc3a9302d64,d4ca6d10-5599-4105-ae8e-e0ac34657061
True,"['b17f0ffd-260b-497c-91bf-5eb26d7e44c8', '9a48a9dc-e785-405c-90e0-c234aa522e27', '3378e4a8-ab1b-4dd7-8a0a-afb67c849a6d', 'b95c24fd-20f3-40ba-bf9d-d59c494d0d66', '74887297-84ee-433f-b7c2-42dee89a72f6']",b17f0ffd-260b-497c-91bf-5eb26d7e44c8,ee32e7a8-b36c-4b95-8c74-2cf22509cc1b
True,"['1ea1b8e9-1e96-4595-8026-6202d70bf1cb', '90372454-78e4-42c9-9911-13c31c814101', '9fd6665d-5804-4457-98ee-4a8130ebb337', 'ef9cfbe9-79f0-49d2-98c6-f05668655fe6', '24e6ec1b-8cfa-46bb-b56a-7e16fef809f3']",1ea1b8e9-1e96-4595-8026-6202d70bf1cb,68e03ca0-6158-451f-8aaa-666a35cd8e86
False,"['160cb020-5b3a-4aa0-a500-a79cd24f852c', '2cfce2a1-44df-414d-92be-873cdc3bc10b', '05e08951-5de4-4c82-a17b-df1b534aa8a1', '3089ec9a-0d3f-41e0-8e28-fcccc82fa2c0', '424ae309-877b-4a31-8c24-284b9b9d3623']",9d6b0dc2-a6f7-4a48-9fa6-080abb842ab0,81f36097-774a-406f-9548-221cb825c48e
True,"['24e6ec1b-8cfa-46bb-b56a-7e16fef809f3', '90372454-78e4-42c9-9911-13c31c814101', 'fcd02375-dd97-4f4a-bceb-9f5b1caf8c9f', 'bd72b907-bb8c-48da-96f6-427544f2638a', 'dc2257e8-6a7a-409c-b7df-4549b336ecf2']",24e6ec1b-8cfa-46bb-b56a-7e16fef809f3,8961c138-6197-4ceb-b309-09a7702df5f1
True,"['efcd231d-1d81-44d1-90c5-2b45058b3c2b', '81f0970f-ecb2-4e17-b482-ec20f272a578', '653ff8da-59ab-4086-b7c0-eff2a5815a8a', '4d9c5ea9-91b7-4cd9-97c4-9e824a9a4515', '35d21956-5554-4bbf-9e17-1a5e56f7bcec']",efcd231d-1d81-44d1-90c5-2b45058b3c2b,ae24ca51-8399-47df-9e97-e1bd7ff82d4d
True,"['81f0970f-ecb2-4e17-b482-ec20f272a578', '8aa56b9b-15fe-425a-801d-d5de747616eb', '653ff8da-59ab-4086-b7c0-eff2a5815a8a', '4d9c5ea9-91b7-4cd9-97c4-9e824a9a4515', 'fcd02375-dd97-4f4a-bceb-9f5b1caf8c9f']",fcd02375-dd97-4f4a-bceb-9f5b1caf8c9f,61ef44c9-82ef-4676-bc21-cb8ad7b9ed73
True,"['3bcdce41-20f8-45cc-bf25-b1cf827794d8', 'a452a9c6-19fd-464a-8497-51df9aa455cb', '2584d598-6eef-4d1d-b93d-97e993c48c03', 'e5dbf2e4-3981-4488-8183-a0333ea94a46', '237c2b3b-b389-4608-baad-64081bf5d642']",a452a9c6-19fd-464a-8497-51df9aa455cb,ef3904ce-9a92-4df2-bfc4-2444961c6152
True,"['ef9cfbe9-79f0-49d2-98c6-f05668655fe6', 'a452a9c6-19fd-464a-8497-51df9aa455cb', 'f3ecb0ea-b1d0-4ae9-8da2-781052f91559', '3bcdce41-20f8-45cc-bf25-b1cf827794d8', '1ea1b8e9-1e96-4595-8026-6202d70bf1cb']",ef9cfbe9-79f0-49d2-98c6-f05668655fe6,f21cbce7-3703-40b6-a5ed-dde0e20f8662
False,"['424ae309-877b-4a31-8c24-284b9b9d3623', '160cb020-5b3a-4aa0-a500-a79cd24f852c', '50332787-9209-40a4-9cb4-6e6437d0ab08', '95357c66-9c21-4d2c-b2f2-73213f4a4c53', 'fff3d142-386f-40d5-875d-d0521282c025']",c23794ed-d89d-4678-b5ae-88a7c786c0e7,5a419cfe-3325-464d-8258-d6fd40170db2
True,"['24e6ec1b-8cfa-46bb-b56a-7e16fef809f3', '7a8c46da-add9-4f79-b027-53b8b0f0450b', 'dc2257e8-6a7a-409c-b7df-4549b336ecf2', '13ebf668-f4a1-4196-8a91-af9ba7985361', 'bd72b907-bb8c-48da-96f6-427544f2638a']",13ebf668-f4a1-4196-8a91-af9ba7985361,16adc516-f93f-4378-8028-d23e4a70779b
True,"['fc8cdcad-58c0-4aea-92a3-4c00b774f073', '00e7c88e-d146-410e-b944-66647afef3e1', 'b0ea0638-c2b6-449d-9bd4-af65d0e2d1a2', '59a536b6-8cae-422e-9361-d5091eae006a', 'd333fca4-4a2f-4770-9169-ccb04209a7d2']",fc8cdcad-58c0-4aea-92a3-4c00b774f073,e9399fc3-fc0d-413a-a549-2dc33dbd7c6a
False,"['c17764ae-de6e-4708-9504-42dacba610fd', '160cb020-5b3a-4aa0-a500-a79cd24f852c', '23af0bf3-473e-4734-9062-502ba9080393', 'f71c5f78-546b-4db9-ba08-f18ea161d9cd', '424ae309-877b-4a31-8c24-284b9b9d3623']",36e66202-606b-4be6-891f-056373d00c43,4b3c7dd2-100f-4a73-80ec-15fc22e1169b
True,"['1667abde-6bb7-42ed-97b6-5a7d5fe49198', '7f4803a2-2610-4d99-8f16-b48af31a320b', '943a79a7-9156-40fa-9f9b-544890b9b1e4', '08a36ccf-61df-4761-b0bc-abbdc9986a4c', 'e2e8f92b-8ca8-4fe8-932c-be206f32ca1d']",7f4803a2-2610-4d99-8f16-b48af31a320b,5ea2ca38-0249-4e91-9e73-c9a187c8f7b4
True,"['79b8e9fb-9150-4c03-808a-cb36cbcfd9ae', '42ec4514-8f0b-4dcf-9b88-3c856e559a5f', '25b14fed-ab75-4614-8b90-28ae2ca9bd78', 'e02cdcc7-dc0d-410b-861d-a6ddc5d4f7e7', '078ac5d2-6800-4c9b-a2b1-1c2efea2b171']",79b8e9fb-9150-4c03-808a-cb36cbcfd9ae,86dd73de-8dee-4686-9ef2-5554850965e6
False,"['50332787-9209-40a4-9cb4-6e6437d0ab08', '95357c66-9c21-4d2c-b2f2-73213f4a4c53', 'e8a547c7-4e2e-4035-b17c-12cd128042f8', 'fff3d142-386f-40d5-875d-d0521282c025', '80ec6d30-13cd-4b51-b306-32a083295359']",818469ed-1440-432a-be18-4b32504bd730,9baacc79-bdc5-4f93-8408-6e72cc07e793
True,"['22141e18-b17c-4b87-aae0-542780c10d13', '7fe9908d-f82c-42ef-994f-91e3765be733', '25b14fed-ab75-4614-8b90-28ae2ca9bd78', 'e02cdcc7-dc0d-410b-861d-a6ddc5d4f7e7', '42ec4514-8f0b-4dcf-9b88-3c856e559a5f']",22141e18-b17c-4b87-aae0-542780c10d13,2dec8938-3327-4c92-89ab-14c40c2d29ba
True,"['078ac5d2-6800-4c9b-a2b1-1c2efea2b171', '79b8e9fb-9150-4c03-808a-cb36cbcfd9ae', '74887297-84ee-433f-b7c2-42dee89a72f6', 'b0e3e4e2-52e3-4fcf-90fd-3bd104c8e68a', '25b14fed-ab75-4614-8b90-28ae2ca9bd78']",078ac5d2-6800-4c9b-a2b1-1c2efea2b171,a58368b5-c1ed-4df4-b229-5a07c684fc99
True,"['7858a526-c274-4745-bd7b-d1534dde782d', '90b8a9ea-c735-4d17-8d0a-b1567e81f1ae', '10e787e3-67c7-41ef-93ee-32608ed76c2f', 'afd49bc3-fa1c-4032-91cc-ed9f05569857', '44098035-7f30-4823-ae11-a455244930fe']",7858a526-c274-4745-bd7b-d1534dde782d,580ca0c7-8d4b-4818-a090-2aeb640db481
True,"['2e276f14-18c5-4350-a6c6-0b123e4f06e2', '7fe9908d-f82c-42ef-994f-91e3765be733', '7ed1fb6a-0aa4-4362-9e47-3c87444cc296', '66ae7d1a-60cd-4daa-9dd3-95118c669d28', 'e02cdcc7-dc0d-410b-861d-a6ddc5d4f7e7']",2e276f14-18c5-4350-a6c6-0b123e4f06e2,55d305c7-d43e-418d-9af2-b673714decc0
True,"['f71c5f78-546b-4db9-ba08-f18ea161d9cd', '396bea04-0f22-40fe-a2e5-01c097706230', 'b8d32983-dd3d-42af-99f5-559ee9d64312', '7d256af9-55d2-4cfb-aa79-c78ce861720a', '33c77d8a-c7f3-4635-a818-3ffc494b94f5']",f71c5f78-546b-4db9-ba08-f18ea161d9cd,4eb45f1e-63a7-4dec-899b-cf248dea67fe
True,"['e53ae75f-929c-4d48-8747-60a8fdc1aa41', '42ec4514-8f0b-4dcf-9b88-3c856e559a5f', 'e02cdcc7-dc0d-410b-861d-a6ddc5d4f7e7', 'e4782eb5-475b-4fec-9eab-9b7dfbbb2a5a', '08a36ccf-61df-4761-b0bc-abbdc9986a4c']",e53ae75f-929c-4d48-8747-60a8fdc1aa41,ef1d0274-491e-4be6-82eb-9aa776e1a2bc
True,"['7609c9ed-9822-4ee1-8abe-a30c661bd4e9', '2e276f14-18c5-4350-a6c6-0b123e4f06e2', '66ae7d1a-60cd-4daa-9dd3-95118c669d28', '23af0bf3-473e-4734-9062-502ba9080393', '951baf7f-d54c-486a-a5d8-293dd52c54e3']",7609c9ed-9822-4ee1-8abe-a30c661bd4e9,d3c9496b-bcd9-4974-928a-83fede372bd9
False,"['424ae309-877b-4a31-8c24-284b9b9d3623', '50332787-9209-40a4-9cb4-6e6437d0ab08', '95357c66-9c21-4d2c-b2f2-73213f4a4c53', 'fff3d142-386f-40d5-875d-d0521282c025', '80ec6d30-13cd-4b51-b306-32a083295359']",0817d4d2-9442-47f5-a763-b8242925e5f9,0d28599b-38b0-4fb5-8715-f48c2ed82940
True,"['06f1d586-8ba7-453f-af74-b1c740401b96', 'c22b6b7b-6b4e-4048-a9c6-7f9bdd3d04c1', 'e2e8f92b-8ca8-4fe8-932c-be206f32ca1d', 'e4782eb5-475b-4fec-9eab-9b7dfbbb2a5a', '951baf7f-d54c-486a-a5d8-293dd52c54e3']",06f1d586-8ba7-453f-af74-b1c740401b96,2059f447-4d75-42f7-ba68-be1b0065394d
True,"['951baf7f-d54c-486a-a5d8-293dd52c54e3', '09f14d38-734a-4b89-9e75-412ff8052906', '04c4c3e5-ef70-4687-909a-4a04ef6674ef', 'ca93065d-d90f-42c6-bcb3-eca8e6fb5534', '00e7c88e-d146-410e-b944-66647afef3e1']",951baf7f-d54c-486a-a5d8-293dd52c54e3,cc7373fa-8729-425e-9202-0eea34a6fa95
True,"['c22b6b7b-6b4e-4048-a9c6-7f9bdd3d04c1', '06f1d586-8ba7-453f-af74-b1c740401b96', '08a36ccf-61df-4761-b0bc-abbdc9986a4c', '42ec4514-8f0b-4dcf-9b88-3c856e559a5f', 'e02cdcc7-dc0d-410b-861d-a6ddc5d4f7e7']",c22b6b7b-6b4e-4048-a9c6-7f9bdd3d04c1,2aefae12-8868-4226-8393-6f2fce3f05dd
True,"['e2e8f92b-8ca8-4fe8-932c-be206f32ca1d', '06f1d586-8ba7-453f-af74-b1c740401b96', '7dc0e7cf-9ac8-4d5a-afb4-3b097fb32be5', '951baf7f-d54c-486a-a5d8-293dd52c54e3', 'ccbad255-6847-4f73-a3a2-fda62b40fcc5']",e2e8f92b-8ca8-4fe8-932c-be206f32ca1d,4628471e-b77a-494f-a815-d5083147bc94
False,"['50332787-9209-40a4-9cb4-6e6437d0ab08', '95357c66-9c21-4d2c-b2f2-73213f4a4c53', 'e8a547c7-4e2e-4035-b17c-12cd128042f8', 'fff3d142-386f-40d5-875d-d0521282c025', '80ec6d30-13cd-4b51-b306-32a083295359']",c959509a-4733-46a4-8611-9afd111cbf16,7e498cff-569f-4c56-a7ce-88870e6e4587
True,"['e4782eb5-475b-4fec-9eab-9b7dfbbb2a5a', '08a36ccf-61df-4761-b0bc-abbdc9986a4c', '42ec4514-8f0b-4dcf-9b88-3c856e559a5f', '72ac2a76-6edc-4363-a1f0-2e37b755fa6e', '79b8e9fb-9150-4c03-808a-cb36cbcfd9ae']",e4782eb5-475b-4fec-9eab-9b7dfbbb2a5a,d9013e04-3ee8-472f-b61c-0acadabb1191
True,"['e0542e47-cdc6-49be-9584-f152a715058e', '79b8e9fb-9150-4c03-808a-cb36cbcfd9ae', '42ec4514-8f0b-4dcf-9b88-3c856e559a5f', '72ac2a76-6edc-4363-a1f0-2e37b755fa6e', '08a36ccf-61df-4761-b0bc-abbdc9986a4c']",e0542e47-cdc6-49be-9584-f152a715058e,b18085f6-ff5e-4de6-b9b0-16fe1b4576ed
False,"['c17764ae-de6e-4708-9504-42dacba610fd', '160cb020-5b3a-4aa0-a500-a79cd24f852c', '23af0bf3-473e-4734-9062-502ba9080393', 'f71c5f78-546b-4db9-ba08-f18ea161d9cd', '424ae309-877b-4a31-8c24-284b9b9d3623']",7c931ee7-d54d-4035-a522-ef521a467ec6,08a7309e-e722-4559-bd30-ff324e8d38f2
True,"['b8d32983-dd3d-42af-99f5-559ee9d64312', '74887297-84ee-433f-b7c2-42dee89a72f6', 'b17f0ffd-260b-497c-91bf-5eb26d7e44c8', '40cde3de-030a-4a9d-a753-0a41204f656a', '9a48a9dc-e785-405c-90e0-c234aa522e27']",b8d32983-dd3d-42af-99f5-559ee9d64312,a6b7f0cd-8165-4c6b-9b7c-05cb5ebfa51a
True,"['25b14fed-ab75-4614-8b90-28ae2ca9bd78', 'c0555b21-daa8-4db1-94b3-74c6ca185312', 'd333fca4-4a2f-4770-9169-ccb04209a7d2', 'df2afbab-7f58-4d2d-a8b0-1878ea887fb9', '078ac5d2-6800-4c9b-a2b1-1c2efea2b171']",25b14fed-ab75-4614-8b90-28ae2ca9bd78,82f561c9-59f1-4e83-8d57-1289f7d9784f
True,"['c0555b21-daa8-4db1-94b3-74c6ca185312', '25b14fed-ab75-4614-8b90-28ae2ca9bd78', 'df2afbab-7f58-4d2d-a8b0-1878ea887fb9', '37b54caf-4f10-4594-8448-c06355e27170', 'c17764ae-de6e-4708-9504-42dacba610fd']",c0555b21-daa8-4db1-94b3-74c6ca185312,53087661-56f1-4d0f-a164-ca90cdb4317a
True,"['a989c01f-e419-4bda-847c-11901f50f19d', 'caa65ff1-0be7-471b-8438-c454fb233d56', '85c923c0-5835-456e-a4c7-9a3822eff4dd', '7609c9ed-9822-4ee1-8abe-a30c661bd4e9', 'e53ae75f-929c-4d48-8747-60a8fdc1aa41']",a989c01f-e419-4bda-847c-11901f50f19d,d0a1aefe-a204-42d7-8299-5a184ba39a50
False,"['df2afbab-7f58-4d2d-a8b0-1878ea887fb9', '653ff8da-59ab-4086-b7c0-eff2a5815a8a', '4d9c5ea9-91b7-4cd9-97c4-9e824a9a4515', '1a832a32-eac7-4151-85a2-91f198e96582', '35d21956-5554-4bbf-9e17-1a5e56f7bcec']",8aa56b9b-15fe-425a-801d-d5de747616eb,19522599-c827-4784-87d4-5984f9f22926
True,"['85c923c0-5835-456e-a4c7-9a3822eff4dd', '8c43a354-3185-40aa-b942-32b0f85cfca6', 'a989c01f-e419-4bda-847c-11901f50f19d', 'caa65ff1-0be7-471b-8438-c454fb233d56', 'bee12dfc-922c-4a6d-b13a-7177c4360aed']",85c923c0-5835-456e-a4c7-9a3822eff4dd,80d17371-d1fb-4dd0-bc15-b5ef42c4240a
False,"['c17764ae-de6e-4708-9504-42dacba610fd', '160cb020-5b3a-4aa0-a500-a79cd24f852c', '23af0bf3-473e-4734-9062-502ba9080393', 'f71c5f78-546b-4db9-ba08-f18ea161d9cd', '424ae309-877b-4a31-8c24-284b9b9d3623']",fc65ef4e-5dd2-4703-8d2e-be36b09e0b7b,532d696d-6811-48c1-a888-c18261ba2932
True,"['72ac2a76-6edc-4363-a1f0-2e37b755fa6e', 'e53ae75f-929c-4d48-8747-60a8fdc1aa41', '42ec4514-8f0b-4dcf-9b88-3c856e559a5f', '8aa56b9b-15fe-425a-801d-d5de747616eb', 'b7e252ab-b171-49f5-a080-49df4a6dfd3e']",72ac2a76-6edc-4363-a1f0-2e37b755fa6e,91c3f635-3848-4a57-a05f-b89bcab78d96
True,"['1667abde-6bb7-42ed-97b6-5a7d5fe49198', 'b0ea0638-c2b6-449d-9bd4-af65d0e2d1a2', 'e4782eb5-475b-4fec-9eab-9b7dfbbb2a5a', '42ec4514-8f0b-4dcf-9b88-3c856e559a5f', '08a36ccf-61df-4761-b0bc-abbdc9986a4c']",1667abde-6bb7-42ed-97b6-5a7d5fe49198,26dab206-1f92-4966-aa35-cceb05d61070
True,"['c099c67a-9e3a-4e7f-a6bd-9b0c6a11b823', '7deba95e-97fe-4691-9107-e80a43379006', '85c923c0-5835-456e-a4c7-9a3822eff4dd', '2bef7fc5-cee1-4808-bec7-7b50b2651b4e', 'cc272617-2669-4305-9c31-69ff87985240']",c099c67a-9e3a-4e7f-a6bd-9b0c6a11b823,000ec26e-af03-4e78-a5a3-16046031ece8
False,"['c17764ae-de6e-4708-9504-42dacba610fd', '160cb020-5b3a-4aa0-a500-a79cd24f852c', '23af0bf3-473e-4734-9062-502ba9080393', 'f71c5f78-546b-4db9-ba08-f18ea161d9cd', '424ae309-877b-4a31-8c24-284b9b9d3623']",5dc3e679-a9de-48f5-a07f-97cd3f074191,b77650df-7550-45a9-83d0-c20b1bc7217f
False,"['8aa56b9b-15fe-425a-801d-d5de747616eb', '10e787e3-67c7-41ef-93ee-32608ed76c2f', '35d21956-5554-4bbf-9e17-1a5e56f7bcec', '81f0970f-ecb2-4e17-b482-ec20f272a578', '0ec57093-d742-4586-8ef0-a8beae217610']",6b7894e1-9a44-4f93-a7db-e92a3a434582,97c368a5-e433-40b7-89c7-9db1a67ffc54
True,"['1f96bf71-d546-4827-ae8f-cf4f61002789', 'c099c67a-9e3a-4e7f-a6bd-9b0c6a11b823', '7deba95e-97fe-4691-9107-e80a43379006', 'ced704ed-0cf9-4588-9c1b-200810a8fc83', '95182036-f5c5-4335-9574-e91ef4b4ff7e']",1f96bf71-d546-4827-ae8f-cf4f61002789,d72bb83a-e7c4-4822-81c2-1c4c5e52446f
True,"['7deba95e-97fe-4691-9107-e80a43379006', 'c099c67a-9e3a-4e7f-a6bd-9b0c6a11b823', 'cc272617-2669-4305-9c31-69ff87985240', '885bb64d-b05c-4318-84e8-5c7e34e82c3d', '583d0309-df46-4078-bf7f-a7f692969f6b']",7deba95e-97fe-4691-9107-e80a43379006,e10ddc31-e58c-4830-977f-aea1c1e3341c
True,"['cc272617-2669-4305-9c31-69ff87985240', 'c099c67a-9e3a-4e7f-a6bd-9b0c6a11b823', 'ccbad255-6847-4f73-a3a2-fda62b40fcc5', '6c7995ca-58a3-4296-accd-e0ef8d9f85fb', '885bb64d-b05c-4318-84e8-5c7e34e82c3d']",cc272617-2669-4305-9c31-69ff87985240,1b5dbee9-b526-4979-abdb-db422c358c11
False,"['10e787e3-67c7-41ef-93ee-32608ed76c2f', '165aa00c-a132-416f-91b3-4399e1429982', '8fba4d61-65a1-41a3-bbd2-5a1904c0c0b8', 'fcd02375-dd97-4f4a-bceb-9f5b1caf8c9f', 'afd49bc3-fa1c-4032-91cc-ed9f05569857']",1104d3fd-4455-4c41-844f-8586d39a3720,e023f27e-0ec2-48ef-80cd-853684ada496
True,"['4c728539-cf1d-464a-8852-86edec592ce0', '4f8ef329-e35d-4287-b4ac-1dbff461676e', '20e054de-778e-42b0-93cc-716a23469143', '06de0e2a-45e4-4c62-bf6c-edb98792c115', 'd45f1215-52b1-4bf1-865c-c2365409b769']",4c728539-cf1d-464a-8852-86edec592ce0,3e2651df-ee47-4632-91a4-31ceeea269a9
False,"['4f8ef329-e35d-4287-b4ac-1dbff461676e', '5539d96c-3815-434a-89aa-bc5babc41423', 'ced704ed-0cf9-4588-9c1b-200810a8fc83', '20e054de-778e-42b0-93cc-716a23469143', 'db98812f-58f9-4b67-bcd5-c60136c79131']",3e5ebdce-5373-436a-b7ec-8490b954a1fe,a557ab95-74ea-4474-bd5d-68d8229a6e29
True,"['d45f1215-52b1-4bf1-865c-c2365409b769', 'fcd02375-dd97-4f4a-bceb-9f5b1caf8c9f', '2da344bd-4561-4516-8850-6da8db27ed8f', 'e4714b07-6a7c-4a80-b743-11838b98069d', '4c728539-cf1d-464a-8852-86edec592ce0']",d45f1215-52b1-4bf1-865c-c2365409b769,946782ad-73a7-42ad-a544-af6b7d11b957
True,"['20e054de-778e-42b0-93cc-716a23469143', '3e5ebdce-5373-436a-b7ec-8490b954a1fe', '2bef7fc5-cee1-4808-bec7-7b50b2651b4e', 'b1766430-9231-47de-9f62-2dc45b3bce64', 'afd16e18-de2d-43a6-ba68-61b01edcd1fd']",20e054de-778e-42b0-93cc-716a23469143,b79ac053-cd6b-4493-a13d-795a0304b4c0
True,"['123953f6-b185-4621-9222-f09fed21ab21', 'b1766430-9231-47de-9f62-2dc45b3bce64', 'b95c24fd-20f3-40ba-bf9d-d59c494d0d66', '40e62695-e230-44d9-ae8f-d158d117810e', 'f7be70cf-b13a-46d5-ac48-41b52d440f8f']",123953f6-b185-4621-9222-f09fed21ab21,54380420-337e-4b68-a9af-380f120c1c86
True,"['c17764ae-de6e-4708-9504-42dacba610fd', '943a79a7-9156-40fa-9f9b-544890b9b1e4', '7d256af9-55d2-4cfb-aa79-c78ce861720a', '6e92fb1e-74d1-420e-855a-cc9dbe9ecf7f', '76f307a8-1f11-4e7e-9b4a-5140408c8785']",c17764ae-de6e-4708-9504-42dacba610fd,2a203c7a-066f-4776-a890-2c68e55df172
True,"['7d256af9-55d2-4cfb-aa79-c78ce861720a', 'b363fec9-71f5-4e4e-b9f2-f4070f3486c0', '7deba95e-97fe-4691-9107-e80a43379006', '1667abde-6bb7-42ed-97b6-5a7d5fe49198', '943a79a7-9156-40fa-9f9b-544890b9b1e4']",7d256af9-55d2-4cfb-aa79-c78ce861720a,ef1c0348-8478-472a-b2a2-861f9dc21c22
True,"['3c910ef0-adb0-4260-af14-0232f3210c3b', 'd873ed40-b69d-43f7-ab1a-aa612bc59ca5', '6e92fb1e-74d1-420e-855a-cc9dbe9ecf7f', '943a79a7-9156-40fa-9f9b-544890b9b1e4', '856bdf1d-b1dd-4cd1-b95f-3e0c32541757']",3c910ef0-adb0-4260-af14-0232f3210c3b,65ca302b-f067-49e9-b422-11ec0c041210
True,"['7d256af9-55d2-4cfb-aa79-c78ce861720a', '8aa56b9b-15fe-425a-801d-d5de747616eb', '76f307a8-1f11-4e7e-9b4a-5140408c8785', 'c17764ae-de6e-4708-9504-42dacba610fd', '85c923c0-5835-456e-a4c7-9a3822eff4dd']",76f307a8-1f11-4e7e-9b4a-5140408c8785,cc53f261-ae7f-49a3-8e05-ccd435d0a9d6
True,"['e684b3a1-6018-4fe5-b050-6c27dec67a66', 'a045e307-fe13-40f8-b0ba-ae95f04909c7', '53ec8fc2-f7fd-4934-94a9-2da927d56762', '839c003c-16ad-43a2-a179-cb2894df288d', '43055814-2c1d-4838-950d-7efceb6bbeb5']",e684b3a1-6018-4fe5-b050-6c27dec67a66,7a456e4b-8f5b-486c-ab80-8d945b3d751e
True,"['c17764ae-de6e-4708-9504-42dacba610fd', '76f307a8-1f11-4e7e-9b4a-5140408c8785', '2098c6b6-047b-4458-b395-c2c30d2bb350', '6e92fb1e-74d1-420e-855a-cc9dbe9ecf7f', '3c910ef0-adb0-4260-af14-0232f3210c3b']",2098c6b6-047b-4458-b395-c2c30d2bb350,9c869bfd-2bc6-4a8e-8772-f869a83d6731
True,"['488a4436-3288-4e52-9179-fa4f1aa311aa', 'b1766430-9231-47de-9f62-2dc45b3bce64', '86709dae-5fbe-43b7-9b45-d2bc648d1227', '9dc29eef-9190-40b7-9d96-7f95a92fae01', 'a67288e6-d267-4ee9-952a-3fe7b3b9907f']",488a4436-3288-4e52-9179-fa4f1aa311aa,4eeb53bd-020f-4f01-bea8-7ccf6425ed89
True,"['9dc29eef-9190-40b7-9d96-7f95a92fae01', '23af0bf3-473e-4734-9062-502ba9080393', 'c7dcd565-0940-48bc-b342-a9bae14cf375', '3e23e544-b88f-4c39-a066-dbb3f554daaa', 'c11495cc-d1f2-4179-a9a4-32e029132427']",9dc29eef-9190-40b7-9d96-7f95a92fae01,97b55965-280f-4b71-ac5a-350af9b2682a
True,"['ad98de7a-d0a4-46ad-bad0-dcfb36c272ba', 'c17764ae-de6e-4708-9504-42dacba610fd', '9b490e46-6640-4279-a4bb-8a465fbc6605', '8aa56b9b-15fe-425a-801d-d5de747616eb', '597d0bf2-73bd-4c5c-ac0b-2de8ef1f9f93']",ad98de7a-d0a4-46ad-bad0-dcfb36c272ba,bc3c5b5c-f980-422a-80a4-670ba94ab243
True,"['d66fcef0-bfd2-4574-bf83-8c1f3105f017', '07cf0010-b860-4db6-933c-74eacd8644fc', '2da344bd-4561-4516-8850-6da8db27ed8f', '29f6ac15-6843-43cb-b11a-08b9456992b6', 'ad98de7a-d0a4-46ad-bad0-dcfb36c272ba']",d66fcef0-bfd2-4574-bf83-8c1f3105f017,b7f628c8-c2f9-4a4d-a866-116004b602ff
True,"['d45f1215-52b1-4bf1-865c-c2365409b769', '2760d89b-c8a5-4c53-a5ba-af8c85273581', 'b1766430-9231-47de-9f62-2dc45b3bce64', '20e054de-778e-42b0-93cc-716a23469143', '29f6ac15-6843-43cb-b11a-08b9456992b6']",b1766430-9231-47de-9f62-2dc45b3bce64,6fe50067-c6fa-409e-ae59-f0677306c3d9
True,"['2da344bd-4561-4516-8850-6da8db27ed8f', '9738e7ed-3b5d-41db-8e6d-af6b95399727', '07cf0010-b860-4db6-933c-74eacd8644fc', '885bb64d-b05c-4318-84e8-5c7e34e82c3d', 'ad98de7a-d0a4-46ad-bad0-dcfb36c272ba']",2da344bd-4561-4516-8850-6da8db27ed8f,56817435-d29f-4172-87f0-a3872291d63f
True,"['f7be70cf-b13a-46d5-ac48-41b52d440f8f', '597d0bf2-73bd-4c5c-ac0b-2de8ef1f9f93', 'c17764ae-de6e-4708-9504-42dacba610fd', 'ad98de7a-d0a4-46ad-bad0-dcfb36c272ba', '1dbcbe52-6454-437b-b3c9-85b7a89330fb']",f7be70cf-b13a-46d5-ac48-41b52d440f8f,7f063871-cf81-4495-98b0-33fda5295969
True,"['23af0bf3-473e-4734-9062-502ba9080393', '9dc29eef-9190-40b7-9d96-7f95a92fae01', '10e787e3-67c7-41ef-93ee-32608ed76c2f', '44098035-7f30-4823-ae11-a455244930fe', '124a9c41-c27c-4fd3-854e-f9cda8d2e365']",23af0bf3-473e-4734-9062-502ba9080393,7c48e2b7-7373-427c-b3a7-2058aced852d
True,"['b5110bdb-c7be-4a27-bbb0-24e92db96125', '35d21956-5554-4bbf-9e17-1a5e56f7bcec', '81f0970f-ecb2-4e17-b482-ec20f272a578', '8aa56b9b-15fe-425a-801d-d5de747616eb', '8fba4d61-65a1-41a3-bbd2-5a1904c0c0b8']",b5110bdb-c7be-4a27-bbb0-24e92db96125,a5f30dd5-1d41-4fbe-ae24-7ccf14cf3217
True,"['943a79a7-9156-40fa-9f9b-544890b9b1e4', '6e92fb1e-74d1-420e-855a-cc9dbe9ecf7f', 'e1ca99ea-f07e-4cb7-a3f8-6c4f5d3a6fcb', 'cc272617-2669-4305-9c31-69ff87985240', '5539d96c-3815-434a-89aa-bc5babc41423']",6e92fb1e-74d1-420e-855a-cc9dbe9ecf7f,aa08a5bb-2a12-44ec-8580-f57db08b387c
True,"['943a79a7-9156-40fa-9f9b-544890b9b1e4', '6e92fb1e-74d1-420e-855a-cc9dbe9ecf7f', 'e1ca99ea-f07e-4cb7-a3f8-6c4f5d3a6fcb', 'cc272617-2669-4305-9c31-69ff87985240', '5539d96c-3815-434a-89aa-bc5babc41423']",943a79a7-9156-40fa-9f9b-544890b9b1e4,666cdeef-0f4a-4d80-8bd7-01193b8ad8be
True,"['a045e307-fe13-40f8-b0ba-ae95f04909c7', '53ec8fc2-f7fd-4934-94a9-2da927d56762', 'e684b3a1-6018-4fe5-b050-6c27dec67a66', '43055814-2c1d-4838-950d-7efceb6bbeb5', '839c003c-16ad-43a2-a179-cb2894df288d']",a045e307-fe13-40f8-b0ba-ae95f04909c7,2498baff-0bf7-4ce4-8545-815bc655f376
True,"['9534150b-1d57-4693-9283-98d83fc6cecc', '1877ddd3-fb73-4af3-85a5-6389148441c3', 'c7dcd565-0940-48bc-b342-a9bae14cf375', '2e276f14-18c5-4350-a6c6-0b123e4f06e2', 'e02cdcc7-dc0d-410b-861d-a6ddc5d4f7e7']",9534150b-1d57-4693-9283-98d83fc6cecc,abce0fb7-a03e-40bd-b2bf-b66cef539a92
True,"['db98812f-58f9-4b67-bcd5-c60136c79131', '3e23e544-b88f-4c39-a066-dbb3f554daaa', 'd873ed40-b69d-43f7-ab1a-aa612bc59ca5', '76f307a8-1f11-4e7e-9b4a-5140408c8785', '6e92fb1e-74d1-420e-855a-cc9dbe9ecf7f']",db98812f-58f9-4b67-bcd5-c60136c79131,68d92354-8dc2-44df-98b1-f7f9ea9aeaf6
True,"['1877ddd3-fb73-4af3-85a5-6389148441c3', 'ccb98ef3-451d-464e-908b-bab10d63612f', '3b65b34a-d1f5-45d1-bf6d-f1b722ddc769', '03f9c567-efda-4b0f-a452-3e5a6c1db676', 'ea85af92-cb98-4244-96fd-3804f9d1c643']",3b65b34a-d1f5-45d1-bf6d-f1b722ddc769,360b73b6-50a0-46a6-aa1d-632c16162597
True,"['03f9c567-efda-4b0f-a452-3e5a6c1db676', '127e2317-dc06-4960-8f38-28ba09a46ade', 'ccb98ef3-451d-464e-908b-bab10d63612f', '3089ec9a-0d3f-41e0-8e28-fcccc82fa2c0', '597d0bf2-73bd-4c5c-ac0b-2de8ef1f9f93']",03f9c567-efda-4b0f-a452-3e5a6c1db676,34a7f1ff-985c-485a-86e7-149c7f4712c1
True,"['5341cbc8-b7ce-4822-ae9e-17e24bf1359d', 'decf5473-9770-4f26-8a48-1da42d0f3057', '65f3cede-7a17-47dd-858e-fc4a0b4e330d', '2a8d1775-f386-45ca-b1f9-c50df94e532c', '4a63bc69-8616-40e6-8025-31cfde8dd671']",5341cbc8-b7ce-4822-ae9e-17e24bf1359d,8f2ea29a-691d-4d8d-bf20-5413c838d387
True,"['decf5473-9770-4f26-8a48-1da42d0f3057', '57a3d8c2-a146-4a6d-a471-66908b89dd79', '3b65b34a-d1f5-45d1-bf6d-f1b722ddc769', '88145294-cb78-4e6f-a320-8f94ac2b8389', '00e7c88e-d146-410e-b944-66647afef3e1']",decf5473-9770-4f26-8a48-1da42d0f3057,c2bb484a-50d3-4275-b78b-38a39494ae22
True,"['ea85af92-cb98-4244-96fd-3804f9d1c643', '2d23026c-8f0d-47a5-84ad-764a8c010130', '3b65b34a-d1f5-45d1-bf6d-f1b722ddc769', '1877ddd3-fb73-4af3-85a5-6389148441c3', '2098c6b6-047b-4458-b395-c2c30d2bb350']",ea85af92-cb98-4244-96fd-3804f9d1c643,5965ff15-9f81-41f6-9be6-8b433e044ad7
True,"['127e2317-dc06-4960-8f38-28ba09a46ade', '03f9c567-efda-4b0f-a452-3e5a6c1db676', '3089ec9a-0d3f-41e0-8e28-fcccc82fa2c0', '2cfce2a1-44df-414d-92be-873cdc3bc10b', '597d0bf2-73bd-4c5c-ac0b-2de8ef1f9f93']",3089ec9a-0d3f-41e0-8e28-fcccc82fa2c0,37e392af-8e56-4169-ba33-b79586316a97
True,"['127e2317-dc06-4960-8f38-28ba09a46ade', '3089ec9a-0d3f-41e0-8e28-fcccc82fa2c0', '2cfce2a1-44df-414d-92be-873cdc3bc10b', '597d0bf2-73bd-4c5c-ac0b-2de8ef1f9f93', '03f9c567-efda-4b0f-a452-3e5a6c1db676']",127e2317-dc06-4960-8f38-28ba09a46ade,116a7095-9325-423f-a226-a1a5184f1e5d
True,"['03f9c567-efda-4b0f-a452-3e5a6c1db676', 'ccb98ef3-451d-464e-908b-bab10d63612f', '3b65b34a-d1f5-45d1-bf6d-f1b722ddc769', '1877ddd3-fb73-4af3-85a5-6389148441c3', '597d0bf2-73bd-4c5c-ac0b-2de8ef1f9f93']",ccb98ef3-451d-464e-908b-bab10d63612f,cf05ffe6-a436-4995-b71d-993c4e2b6089
True,"['57a3d8c2-a146-4a6d-a471-66908b89dd79', '35d21956-5554-4bbf-9e17-1a5e56f7bcec', 'df2afbab-7f58-4d2d-a8b0-1878ea887fb9', '8aa56b9b-15fe-425a-801d-d5de747616eb', 'd8b96a29-c442-4e96-84e1-d45ab65bdbc7']",57a3d8c2-a146-4a6d-a471-66908b89dd79,159111d8-3c99-4a46-ba76-fb383bfc9e01
True,"['ea85af92-cb98-4244-96fd-3804f9d1c643', '7ed1fb6a-0aa4-4362-9e47-3c87444cc296', '04efa80c-ae13-459d-8ad4-e07ecd0b68d6', 'b1766430-9231-47de-9f62-2dc45b3bce64', 'b95c24fd-20f3-40ba-bf9d-d59c494d0d66']",04efa80c-ae13-459d-8ad4-e07ecd0b68d6,833c901f-ae48-493f-8516-33c04fd1ae48
True,"['597d0bf2-73bd-4c5c-ac0b-2de8ef1f9f93', '31daedcb-9274-4fc1-904d-7fbcdd4fd923', '2a8d1775-f386-45ca-b1f9-c50df94e532c', '3e5ebdce-5373-436a-b7ec-8490b954a1fe', 'edd5686a-4c99-4be3-a98f-cb8ea977a72f']",597d0bf2-73bd-4c5c-ac0b-2de8ef1f9f93,22fd480f-58c4-4b33-b32b-2d0bb11566fb
False,"['597d0bf2-73bd-4c5c-ac0b-2de8ef1f9f93', '127e2317-dc06-4960-8f38-28ba09a46ade', '03f9c567-efda-4b0f-a452-3e5a6c1db676', '2cfce2a1-44df-414d-92be-873cdc3bc10b', '0f534f53-1743-4f6c-96ad-0279a591efaa']",9738e7ed-3b5d-41db-8e6d-af6b95399727,a991f6cd-cd67-4a9c-8a78-708a87a77f6a
True,"['2cfce2a1-44df-414d-92be-873cdc3bc10b', 'ea85af92-cb98-4244-96fd-3804f9d1c643', '6c103a44-db9c-4ad2-8e1e-e285b55958c0', '1932e611-a548-4816-8aa3-674cf776e342', '597d0bf2-73bd-4c5c-ac0b-2de8ef1f9f93']",2cfce2a1-44df-414d-92be-873cdc3bc10b,b1300869-36a6-4ae9-b064-684d2b73d26c
True,"['1877ddd3-fb73-4af3-85a5-6389148441c3', '2d23026c-8f0d-47a5-84ad-764a8c010130', '3b65b34a-d1f5-45d1-bf6d-f1b722ddc769', '2098c6b6-047b-4458-b395-c2c30d2bb350', 'ea85af92-cb98-4244-96fd-3804f9d1c643']",2d23026c-8f0d-47a5-84ad-764a8c010130,65f69ff5-33e5-4ef3-87ed-72158422148d
True,"['7cafba71-7a2f-43a5-9c2f-34664f9be9e8', '6c103a44-db9c-4ad2-8e1e-e285b55958c0', '2771969e-e7c4-4f41-aed7-9b95c968edbd', 'f4976560-a0b4-4766-8fe0-984045935e23', '08506faa-5379-4171-b48d-1fb8aa2960fb']",7cafba71-7a2f-43a5-9c2f-34664f9be9e8,8d277bee-58b0-4285-a5a7-a86825527c87
True,"['1877ddd3-fb73-4af3-85a5-6389148441c3', '7cafba71-7a2f-43a5-9c2f-34664f9be9e8', '3b65b34a-d1f5-45d1-bf6d-f1b722ddc769', '2d23026c-8f0d-47a5-84ad-764a8c010130', 'ea85af92-cb98-4244-96fd-3804f9d1c643']",1877ddd3-fb73-4af3-85a5-6389148441c3,64493bf2-7f71-471b-bfff-e3a96039bd3e
True,"['4f8ef329-e35d-4287-b4ac-1dbff461676e', '5539d96c-3815-434a-89aa-bc5babc41423', 'ced704ed-0cf9-4588-9c1b-200810a8fc83', '4c728539-cf1d-464a-8852-86edec592ce0', '95182036-f5c5-4335-9574-e91ef4b4ff7e']",4f8ef329-e35d-4287-b4ac-1dbff461676e,4e164e0f-d316-4b61-b0fd-ea534c22838e
True,"['31daedcb-9274-4fc1-904d-7fbcdd4fd923', 'fc8e7043-3a56-4303-95d0-e7928acccf1b', '248f4ed5-0fdc-4900-8447-88b2613518d8', '0b5be5d6-8ad0-43e4-b28e-fda4efe50c37', '08506faa-5379-4171-b48d-1fb8aa2960fb']",31daedcb-9274-4fc1-904d-7fbcdd4fd923,aba538a5-dfb9-4a57-9445-53c454f4a7b1
True,"['ced704ed-0cf9-4588-9c1b-200810a8fc83', '5539d96c-3815-434a-89aa-bc5babc41423', '4f8ef329-e35d-4287-b4ac-1dbff461676e', '06de0e2a-45e4-4c62-bf6c-edb98792c115', '856bdf1d-b1dd-4cd1-b95f-3e0c32541757']",5539d96c-3815-434a-89aa-bc5babc41423,8f0e508f-49df-46ca-973a-3b12f4a7d538
True,"['0b5be5d6-8ad0-43e4-b28e-fda4efe50c37', 'c5d76a48-d670-4086-b0c6-a96a425524c0', '6b7894e1-9a44-4f93-a7db-e92a3a434582', '08506faa-5379-4171-b48d-1fb8aa2960fb', '6c103a44-db9c-4ad2-8e1e-e285b55958c0']",0b5be5d6-8ad0-43e4-b28e-fda4efe50c37,b7f96a0f-5cda-42da-b18c-80b6fd6ffcf3
True,"['31daedcb-9274-4fc1-904d-7fbcdd4fd923', 'bff12af8-6c1a-46b2-8cd7-2ab75ad5da1c', 'c5d76a48-d670-4086-b0c6-a96a425524c0', 'd333fca4-4a2f-4770-9169-ccb04209a7d2', '0b5be5d6-8ad0-43e4-b28e-fda4efe50c37']",d333fca4-4a2f-4770-9169-ccb04209a7d2,f432579a-daa7-49c9-952d-cf3fbdbf8794
False,"['396bea04-0f22-40fe-a2e5-01c097706230', '248f4ed5-0fdc-4900-8447-88b2613518d8', '08506faa-5379-4171-b48d-1fb8aa2960fb', '2a8d1775-f386-45ca-b1f9-c50df94e532c', 'bae690c5-dadf-4b49-aa04-f9a75130cbe8']",e4714b07-6a7c-4a80-b743-11838b98069d,475ac323-2049-4f4a-9fa3-fcdb5bcbd350
True,"['bff12af8-6c1a-46b2-8cd7-2ab75ad5da1c', 'af897561-467e-4337-91c2-7613204d1554', '248f4ed5-0fdc-4900-8447-88b2613518d8', '2a8d1775-f386-45ca-b1f9-c50df94e532c', 'fc8e7043-3a56-4303-95d0-e7928acccf1b']",af897561-467e-4337-91c2-7613204d1554,fc885b15-cca2-4540-9ed6-dbacaf162a8f
True,"['bff12af8-6c1a-46b2-8cd7-2ab75ad5da1c', '396bea04-0f22-40fe-a2e5-01c097706230', '08506faa-5379-4171-b48d-1fb8aa2960fb', 'af897561-467e-4337-91c2-7613204d1554', 'bae690c5-dadf-4b49-aa04-f9a75130cbe8']",bff12af8-6c1a-46b2-8cd7-2ab75ad5da1c,5f101feb-4a86-4e1e-974d-6e0d4cf3547a
True,"['c11495cc-d1f2-4179-a9a4-32e029132427', '81f0970f-ecb2-4e17-b482-ec20f272a578', '43055814-2c1d-4838-950d-7efceb6bbeb5', '35d21956-5554-4bbf-9e17-1a5e56f7bcec', '8aa56b9b-15fe-425a-801d-d5de747616eb']",c11495cc-d1f2-4179-a9a4-32e029132427,b3c9136a-c5d5-4740-ae91-7252406b0307
True,"['fc8e7043-3a56-4303-95d0-e7928acccf1b', 'bff12af8-6c1a-46b2-8cd7-2ab75ad5da1c', '08506faa-5379-4171-b48d-1fb8aa2960fb', '248f4ed5-0fdc-4900-8447-88b2613518d8', 'ff211b38-582c-4a5d-93a5-4d051eb6e59e']",fc8e7043-3a56-4303-95d0-e7928acccf1b,39c2c1c8-108e-42a7-847f-e9f599346569
True,"['248f4ed5-0fdc-4900-8447-88b2613518d8', '5000b03c-6922-4ed4-a29b-432a4dd70976', '217b2831-c1c7-452d-b8ba-fcd6239a7ec7', '29fc1422-7307-470e-ad0b-0fd944263026', 'f4976560-a0b4-4766-8fe0-984045935e23']",217b2831-c1c7-452d-b8ba-fcd6239a7ec7,6378898b-bec5-46f9-933b-ce222cabf462
True,"['08506faa-5379-4171-b48d-1fb8aa2960fb', '29fc1422-7307-470e-ad0b-0fd944263026', '6ffb9a95-4955-48de-a955-e499062d9248', '6c103a44-db9c-4ad2-8e1e-e285b55958c0', '8cf9a463-b9e7-41ed-b295-6b80582268a7']",08506faa-5379-4171-b48d-1fb8aa2960fb,bcbb0658-7000-43d1-bb7e-136bf472774f
False,"['ff211b38-582c-4a5d-93a5-4d051eb6e59e', '7cafba71-7a2f-43a5-9c2f-34664f9be9e8', '1877ddd3-fb73-4af3-85a5-6389148441c3', 'f4976560-a0b4-4766-8fe0-984045935e23', 'd66fcef0-bfd2-4574-bf83-8c1f3105f017']",29fc1422-7307-470e-ad0b-0fd944263026,0b92abb9-1644-42ba-bec6-94413861a2bd
True,"['8cf9a463-b9e7-41ed-b295-6b80582268a7', '08506faa-5379-4171-b48d-1fb8aa2960fb', '4f8ef329-e35d-4287-b4ac-1dbff461676e', '95a0ebd6-8d50-48ef-882f-0148c83a7c72', 'fc8e7043-3a56-4303-95d0-e7928acccf1b']",8cf9a463-b9e7-41ed-b295-6b80582268a7,872908c9-1532-4ee8-9e77-9e7b4ab9a66e
True,"['6c103a44-db9c-4ad2-8e1e-e285b55958c0', '08506faa-5379-4171-b48d-1fb8aa2960fb', '43055814-2c1d-4838-950d-7efceb6bbeb5', 'edd5686a-4c99-4be3-a98f-cb8ea977a72f', '29fc1422-7307-470e-ad0b-0fd944263026']",6c103a44-db9c-4ad2-8e1e-e285b55958c0,5dda662d-94ee-4e51-ab65-15d6d703749d
True,"['248f4ed5-0fdc-4900-8447-88b2613518d8', 'e4714b07-6a7c-4a80-b743-11838b98069d', '396bea04-0f22-40fe-a2e5-01c097706230', '08506faa-5379-4171-b48d-1fb8aa2960fb', 'bff12af8-6c1a-46b2-8cd7-2ab75ad5da1c']",248f4ed5-0fdc-4900-8447-88b2613518d8,d7580a55-9d0e-481c-8e60-828ebddcf5cd
True,"['f4976560-a0b4-4766-8fe0-984045935e23', '6ffb9a95-4955-48de-a955-e499062d9248', '08506faa-5379-4171-b48d-1fb8aa2960fb', '396bea04-0f22-40fe-a2e5-01c097706230', '248f4ed5-0fdc-4900-8447-88b2613518d8']",396bea04-0f22-40fe-a2e5-01c097706230,14f498d8-3f72-406c-a43f-c4ee3e6db63a
True,"['f4976560-a0b4-4766-8fe0-984045935e23', '6c103a44-db9c-4ad2-8e1e-e285b55958c0', '396bea04-0f22-40fe-a2e5-01c097706230', '03f9c567-efda-4b0f-a452-3e5a6c1db676', '7cafba71-7a2f-43a5-9c2f-34664f9be9e8']",f4976560-a0b4-4766-8fe0-984045935e23,a51d5bc9-431c-4e59-8478-11a5288b3ed2
True,"['edd5686a-4c99-4be3-a98f-cb8ea977a72f', 'f4976560-a0b4-4766-8fe0-984045935e23', '396bea04-0f22-40fe-a2e5-01c097706230', '248f4ed5-0fdc-4900-8447-88b2613518d8', '6ffb9a95-4955-48de-a955-e499062d9248']",edd5686a-4c99-4be3-a98f-cb8ea977a72f,68953d95-b3d3-4c51-ac0a-e0ea0b47bae8
True,"['6ffb9a95-4955-48de-a955-e499062d9248', '97439c82-4df4-4a3e-ba8a-004a8d2fc051', '08506faa-5379-4171-b48d-1fb8aa2960fb', '396bea04-0f22-40fe-a2e5-01c097706230', 'fc8e7043-3a56-4303-95d0-e7928acccf1b']",6ffb9a95-4955-48de-a955-e499062d9248,3fcdfccc-66ba-47dd-be1a-22f1b0c5f92f
True,"['ff211b38-582c-4a5d-93a5-4d051eb6e59e', '0285b881-b128-47cd-9b80-ce156797d138', '5000b03c-6922-4ed4-a29b-432a4dd70976', '29fc1422-7307-470e-ad0b-0fd944263026', 'edd5686a-4c99-4be3-a98f-cb8ea977a72f']",ff211b38-582c-4a5d-93a5-4d051eb6e59e,fe671d4e-2baf-43b2-aba4-01509d1c90ae
True,"['bae690c5-dadf-4b49-aa04-f9a75130cbe8', '248f4ed5-0fdc-4900-8447-88b2613518d8', '217b2831-c1c7-452d-b8ba-fcd6239a7ec7', '0285b881-b128-47cd-9b80-ce156797d138', '396bea04-0f22-40fe-a2e5-01c097706230']",bae690c5-dadf-4b49-aa04-f9a75130cbe8,371b4bfc-7baa-4ca5-a88e-e66be3f94761
True,"['c5d76a48-d670-4086-b0c6-a96a425524c0', '0b5be5d6-8ad0-43e4-b28e-fda4efe50c37', '2a8d1775-f386-45ca-b1f9-c50df94e532c', 'd873ed40-b69d-43f7-ab1a-aa612bc59ca5', 'd93e0f38-74d6-4671-9ec3-692009e79565']",c5d76a48-d670-4086-b0c6-a96a425524c0,e2ee0e74-a72f-4043-8711-f93d01d8703a
True,"['dcc96984-52d5-4e66-bfd7-0cf88c582b01', 'fc8e7043-3a56-4303-95d0-e7928acccf1b', '5539d96c-3815-434a-89aa-bc5babc41423', 'c5d76a48-d670-4086-b0c6-a96a425524c0', '30fb47d0-c1e5-4424-a02c-65228ac09b0a']",dcc96984-52d5-4e66-bfd7-0cf88c582b01,3d08a5b6-b7bd-45d1-9066-d4eaf750fb40
True,"['95182036-f5c5-4335-9574-e91ef4b4ff7e', '856bdf1d-b1dd-4cd1-b95f-3e0c32541757', 'ced704ed-0cf9-4588-9c1b-200810a8fc83', '4f8ef329-e35d-4287-b4ac-1dbff461676e', '2bef7fc5-cee1-4808-bec7-7b50b2651b4e']",95182036-f5c5-4335-9574-e91ef4b4ff7e,24ce8693-f028-4c69-90e1-586b54f0a3ae
True,"['d873ed40-b69d-43f7-ab1a-aa612bc59ca5', '0285b881-b128-47cd-9b80-ce156797d138', '29fc1422-7307-470e-ad0b-0fd944263026', 'c5d76a48-d670-4086-b0c6-a96a425524c0', '0b5be5d6-8ad0-43e4-b28e-fda4efe50c37']",d873ed40-b69d-43f7-ab1a-aa612bc59ca5,9be77723-0c55-436f-886d-50b373733fbf
True,"['3a065299-46fc-4c9f-b011-bb2f14a28224', '2a8d1775-f386-45ca-b1f9-c50df94e532c', 'a63ee25f-b24f-4aea-a4a7-ab376a8385ef', '217b2831-c1c7-452d-b8ba-fcd6239a7ec7', 'de34dfe2-c9cf-404d-bec5-019eba528bac']",3a065299-46fc-4c9f-b011-bb2f14a28224,047b6c2e-c2ce-45f8-b41e-4bc74d4fbe94
True,"['3e23e544-b88f-4c39-a066-dbb3f554daaa', '856bdf1d-b1dd-4cd1-b95f-3e0c32541757', 'a63ee25f-b24f-4aea-a4a7-ab376a8385ef', '5539d96c-3815-434a-89aa-bc5babc41423', '95182036-f5c5-4335-9574-e91ef4b4ff7e']",3e23e544-b88f-4c39-a066-dbb3f554daaa,e013023f-baa9-4b97-9abc-f30db0bacdb7
True,"['0f534f53-1743-4f6c-96ad-0279a591efaa', '4c728539-cf1d-464a-8852-86edec592ce0', '37b54caf-4f10-4594-8448-c06355e27170', 'd45f1215-52b1-4bf1-865c-c2365409b769', 'b1766430-9231-47de-9f62-2dc45b3bce64']",0f534f53-1743-4f6c-96ad-0279a591efaa,24c4f33f-d9ec-4ba3-bbda-68a1fcdc0259
True,"['2a8d1775-f386-45ca-b1f9-c50df94e532c', '3a065299-46fc-4c9f-b011-bb2f14a28224', 'de34dfe2-c9cf-404d-bec5-019eba528bac', 'edd5686a-4c99-4be3-a98f-cb8ea977a72f', 'bff12af8-6c1a-46b2-8cd7-2ab75ad5da1c']",2a8d1775-f386-45ca-b1f9-c50df94e532c,e2da46b1-bea0-4b40-8a27-5bbb93a3ddbc
True,"['a63ee25f-b24f-4aea-a4a7-ab376a8385ef', '95d7d800-bd88-409f-8a66-7e293a3212a9', '35d21956-5554-4bbf-9e17-1a5e56f7bcec', '2011f212-65f2-416a-9b8e-609294270d70', '14e815c3-0b17-427e-9bfd-0a6177800332']",a63ee25f-b24f-4aea-a4a7-ab376a8385ef,c4871ee5-3775-485b-8ce0-e33b90b6d3ab
True,"['95d7d800-bd88-409f-8a66-7e293a3212a9', 'a39f8c25-a265-4423-8142-103e1eb4a993', '9dc29eef-9190-40b7-9d96-7f95a92fae01', 'df2afbab-7f58-4d2d-a8b0-1878ea887fb9', '4e4c99ef-650b-42b8-9343-d2582fba0e4b']",95d7d800-bd88-409f-8a66-7e293a3212a9,7205bac2-7201-4da4-a3bf-a7246933209f
True,"['0285b881-b128-47cd-9b80-ce156797d138', '248f4ed5-0fdc-4900-8447-88b2613518d8', '0b5be5d6-8ad0-43e4-b28e-fda4efe50c37', '5000b03c-6922-4ed4-a29b-432a4dd70976', '217b2831-c1c7-452d-b8ba-fcd6239a7ec7']",0285b881-b128-47cd-9b80-ce156797d138,f5e2a6b5-9334-47b9-ba42-c8e983dc1b9c
True,"['5000b03c-6922-4ed4-a29b-432a4dd70976', 'edd5686a-4c99-4be3-a98f-cb8ea977a72f', '66ae7d1a-60cd-4daa-9dd3-95118c669d28', '248f4ed5-0fdc-4900-8447-88b2613518d8', 'ff211b38-582c-4a5d-93a5-4d051eb6e59e']",5000b03c-6922-4ed4-a29b-432a4dd70976,89caf019-0af3-4fe8-a8a2-bee50691f8c1
True,"['97439c82-4df4-4a3e-ba8a-004a8d2fc051', '6ffb9a95-4955-48de-a955-e499062d9248', '248f4ed5-0fdc-4900-8447-88b2613518d8', '396bea04-0f22-40fe-a2e5-01c097706230', '7cafba71-7a2f-43a5-9c2f-34664f9be9e8']",97439c82-4df4-4a3e-ba8a-004a8d2fc051,3e884cd6-9a6e-4da0-a768-918ddc44e521
